-- MySQL dump 10.13  Distrib 8.0.36, for Win64 (x86_64)
--
-- Host: localhost    Database: teacher_management
-- ------------------------------------------------------
-- Server version	8.0.36

/*!40101 SET @OLD_CHARACTER_SET_CLIENT=@@CHARACTER_SET_CLIENT */;
/*!40101 SET @OLD_CHARACTER_SET_RESULTS=@@CHARACTER_SET_RESULTS */;
/*!40101 SET @OLD_COLLATION_CONNECTION=@@COLLATION_CONNECTION */;
/*!50503 SET NAMES utf8mb4 */;
/*!40103 SET @OLD_TIME_ZONE=@@TIME_ZONE */;
/*!40103 SET TIME_ZONE='+00:00' */;
/*!40014 SET @OLD_UNIQUE_CHECKS=@@UNIQUE_CHECKS, UNIQUE_CHECKS=0 */;
/*!40014 SET @OLD_FOREIGN_KEY_CHECKS=@@FOREIGN_KEY_CHECKS, FOREIGN_KEY_CHECKS=0 */;
/*!40101 SET @OLD_SQL_MODE=@@SQL_MODE, SQL_MODE='NO_AUTO_VALUE_ON_ZERO' */;
/*!40111 SET @OLD_SQL_NOTES=@@SQL_NOTES, SQL_NOTES=0 */;

--
-- Table structure for table `administrators`
--

DROP TABLE IF EXISTS `administrators`;
/*!40101 SET @saved_cs_client     = @@character_set_client */;
/*!50503 SET character_set_client = utf8mb4 */;
CREATE TABLE `administrators` (
  `work_id` int NOT NULL,
  `name` varchar(50) NOT NULL,
  `gender` enum('男','女','性别') DEFAULT NULL,
  `user_id` int NOT NULL,
  PRIMARY KEY (`work_id`),
  KEY `administrators_users_FK` (`user_id`),
  CONSTRAINT `administrators_users_FK` FOREIGN KEY (`user_id`) REFERENCES `users` (`user_id`)
) ENGINE=InnoDB DEFAULT CHARSET=utf8mb4 COLLATE=utf8mb4_0900_ai_ci COMMENT='管理员表，存储管理员信息';
/*!40101 SET character_set_client = @saved_cs_client */;

--
-- Dumping data for table `administrators`
--

LOCK TABLES `administrators` WRITE;
/*!40000 ALTER TABLE `administrators` DISABLE KEYS */;
INSERT INTO `administrators` VALUES (14955563,'Ronnie O\'sullivan','男',94),(43185018,'Mark Selby','男',93),(46127555,'Mark Allen','男',95),(53831172,'Shaun Murphy','女',98),(70082472,'Judd Trump','女',91),(76166224,'Ding Junhui','女',99),(78510085,'Mark Williams','男',96),(91384319,'Kyren Wilson','男',92),(96257383,'Luca Brecel','男',97);
/*!40000 ALTER TABLE `administrators` ENABLE KEYS */;
UNLOCK TABLES;

--
-- Table structure for table `comments`
--

DROP TABLE IF EXISTS `comments`;
/*!40101 SET @saved_cs_client     = @@character_set_client */;
/*!50503 SET character_set_client = utf8mb4 */;
CREATE TABLE `comments` (
  `comment_id` int NOT NULL AUTO_INCREMENT,
  `user_id` int DEFAULT NULL,
  `teacher_id` int DEFAULT NULL,
  `content` text NOT NULL,
  `score` int NOT NULL DEFAULT '5',
  `create_time` timestamp NOT NULL DEFAULT CURRENT_TIMESTAMP,
  PRIMARY KEY (`comment_id`),
  KEY `comments_users_FK` (`user_id`),
  KEY `comments_teachers_FK` (`teacher_id`),
  CONSTRAINT `comments_teachers_FK` FOREIGN KEY (`teacher_id`) REFERENCES `teachers` (`work_id`) ON DELETE SET NULL ON UPDATE CASCADE,
  CONSTRAINT `comments_users_FK` FOREIGN KEY (`user_id`) REFERENCES `users` (`user_id`) ON DELETE SET NULL ON UPDATE CASCADE,
  CONSTRAINT `comments_chk_1` CHECK ((`score` between 1 and 5))
) ENGINE=InnoDB AUTO_INCREMENT=2625 DEFAULT CHARSET=utf8mb4 COLLATE=utf8mb4_0900_ai_ci COMMENT='评价表，存储学生对教师的评价';
/*!40101 SET character_set_client = @saved_cs_client */;

--
-- Dumping data for table `comments`
--

LOCK TABLES `comments` WRITE;
/*!40000 ALTER TABLE `comments` DISABLE KEYS */;
INSERT INTO `comments` VALUES (1749,1,53415315,'课程较为基础，对部分同学帮助有限。',3,'2026-01-14 09:38:45'),(1750,1,32238038,'教学内容中规中矩，能够完成教学任务，但亮点不多。',3,'2026-01-14 09:38:45'),(1751,1,25562524,'讲解不够细致，课堂互动较少，需要进一步改进。',2,'2026-01-14 09:38:45'),(1752,1,42886706,'教学态度和效果都有待提高，希望后续能有所改进。',1,'2026-01-14 09:38:45'),(1753,1,79884221,'讲课条理清楚，作业反馈及时，有一定启发性。',4,'2026-01-14 09:38:45'),(1754,1,89953555,'教学认真负责，讲解清晰，课堂互动性强，收获很大。',5,'2026-01-14 09:38:45'),(1755,1,41115709,'教学方式较为单一，部分知识点讲解不清晰。',2,'2026-01-14 09:38:45'),(1756,1,67555985,'讲课条理清楚，作业反馈及时，有一定启发性。',4,'2026-01-14 09:38:45'),(1757,2,92424408,'教学内容中规中矩，能够完成教学任务，但亮点不多。',3,'2026-01-14 09:38:45'),(1758,2,73843850,'讲解不够细致，课堂互动较少，需要进一步改进。',2,'2026-01-14 09:38:45'),(1759,2,13268700,'教学态度和效果都有待提高，希望后续能有所改进。',1,'2026-01-14 09:38:45'),(1760,2,23253331,'专业水平很高，对问题的分析深入浅出，是非常优秀的老师。',5,'2026-01-14 09:38:45'),(1761,2,91361528,'讲解不够细致，课堂互动较少，需要进一步改进。',2,'2026-01-14 09:38:45'),(1762,2,42886706,'教学认真负责，讲解清晰，课堂互动性强，收获很大。',5,'2026-01-14 09:38:45'),(1763,2,83768047,'课程较为基础，对部分同学帮助有限。',3,'2026-01-14 09:38:45'),(1764,2,16187539,'教学态度和效果都有待提高，希望后续能有所改进。',1,'2026-01-14 09:38:45'),(1765,2,46235136,'课程体验较差，内容安排混乱，收获不大。',1,'2026-01-14 09:38:45'),(1766,3,44190666,'课程较为基础，对部分同学帮助有限。',3,'2026-01-14 09:38:45'),(1767,3,31624971,'讲课条理清楚，作业反馈及时，有一定启发性。',4,'2026-01-14 09:38:45'),(1768,3,22675077,'教学态度和效果都有待提高，希望后续能有所改进。',1,'2026-01-14 09:38:45'),(1769,3,89349723,'整体教学效果很好，课程安排合理，偶尔节奏稍快。',4,'2026-01-14 09:38:45'),(1770,3,21055574,'教学态度和效果都有待提高，希望后续能有所改进。',1,'2026-01-14 09:38:45'),(1771,3,22420487,'讲解不够细致，课堂互动较少，需要进一步改进。',2,'2026-01-14 09:38:45'),(1772,3,41115709,'课程体验较差，内容安排混乱，收获不大。',1,'2026-01-14 09:38:45'),(1773,3,74167723,'专业水平很高，对问题的分析深入浅出，是非常优秀的老师。',5,'2026-01-14 09:38:45'),(1774,3,30485380,'教学方式较为单一，部分知识点讲解不清晰。',2,'2026-01-14 09:38:45'),(1775,3,62614936,'专业水平很高，对问题的分析深入浅出，是非常优秀的老师。',5,'2026-01-14 09:38:45'),(1776,4,18463947,'课程较为基础，对部分同学帮助有限。',3,'2026-01-14 09:38:45'),(1777,4,83833488,'教学认真负责，讲解清晰，课堂互动性强，收获很大。',5,'2026-01-14 09:38:45'),(1778,4,83768047,'专业水平很高，对问题的分析深入浅出，是非常优秀的老师。',5,'2026-01-14 09:38:45'),(1779,4,32864161,'教学态度和效果都有待提高，希望后续能有所改进。',1,'2026-01-14 09:38:45'),(1780,4,42886706,'教学认真负责，讲解清晰，课堂互动性强，收获很大。',5,'2026-01-14 09:38:45'),(1781,4,26670979,'整体教学效果很好，课程安排合理，偶尔节奏稍快。',4,'2026-01-14 09:38:45'),(1782,4,76341026,'讲解不够细致，课堂互动较少，需要进一步改进。',2,'2026-01-14 09:38:45'),(1783,4,87464378,'课程较为基础，对部分同学帮助有限。',3,'2026-01-14 09:38:45'),(1784,5,20947196,'教学方式较为单一，部分知识点讲解不清晰。',2,'2026-01-14 09:38:45'),(1785,5,89215531,'课程较为基础，对部分同学帮助有限。',3,'2026-01-14 09:38:45'),(1786,5,95862588,'专业水平很高，对问题的分析深入浅出，是非常优秀的老师。',5,'2026-01-14 09:38:45'),(1787,5,23353098,'教学态度和效果都有待提高，希望后续能有所改进。',1,'2026-01-14 09:38:45'),(1788,5,26283665,'教学认真负责，讲解清晰，课堂互动性强，收获很大。',5,'2026-01-14 09:38:45'),(1789,5,23253331,'课程较为基础，对部分同学帮助有限。',3,'2026-01-14 09:38:45'),(1790,5,34150575,'教学认真负责，讲解清晰，课堂互动性强，收获很大。',5,'2026-01-14 09:38:45'),(1791,5,26736085,'整体教学效果很好，课程安排合理，偶尔节奏稍快。',4,'2026-01-14 09:38:45'),(1792,6,16187539,'课程体验较差，内容安排混乱，收获不大。',1,'2026-01-14 09:38:45'),(1793,6,26821149,'教学态度和效果都有待提高，希望后续能有所改进。',1,'2026-01-14 09:38:45'),(1794,6,87464378,'专业水平很高，对问题的分析深入浅出，是非常优秀的老师。',5,'2026-01-14 09:38:45'),(1795,6,83768047,'教学方式较为单一，部分知识点讲解不清晰。',2,'2026-01-14 09:38:45'),(1796,6,71092932,'讲解不够细致，课堂互动较少，需要进一步改进。',2,'2026-01-14 09:38:45'),(1797,6,12775872,'教学内容中规中矩，能够完成教学任务，但亮点不多。',3,'2026-01-14 09:38:45'),(1798,6,93850847,'专业水平很高，对问题的分析深入浅出，是非常优秀的老师。',5,'2026-01-14 09:38:45'),(1799,6,38488715,'专业水平很高，对问题的分析深入浅出，是非常优秀的老师。',5,'2026-01-14 09:38:45'),(1800,6,80131888,'教学内容中规中矩，能够完成教学任务，但亮点不多。',3,'2026-01-14 09:38:45'),(1801,6,23253331,'教学内容中规中矩，能够完成教学任务，但亮点不多。',3,'2026-01-14 09:38:45'),(1802,6,38903121,'教学认真负责，讲解清晰，课堂互动性强，收获很大。',5,'2026-01-14 09:38:45'),(1803,7,61934567,'讲课条理清楚，作业反馈及时，有一定启发性。',4,'2026-01-14 09:38:45'),(1804,7,78642735,'讲解不够细致，课堂互动较少，需要进一步改进。',2,'2026-01-14 09:38:45'),(1805,7,34566470,'专业水平很高，对问题的分析深入浅出，是非常优秀的老师。',5,'2026-01-14 09:38:45'),(1806,7,42886706,'整体教学效果很好，课程安排合理，偶尔节奏稍快。',4,'2026-01-14 09:38:45'),(1807,7,31624971,'教学方式较为单一，部分知识点讲解不清晰。',2,'2026-01-14 09:38:45'),(1808,7,93850847,'教学方式较为单一，部分知识点讲解不清晰。',2,'2026-01-14 09:38:45'),(1809,7,23353098,'讲解不够细致，课堂互动较少，需要进一步改进。',2,'2026-01-14 09:38:45'),(1810,7,26873717,'讲课条理清楚，作业反馈及时，有一定启发性。',4,'2026-01-14 09:38:45'),(1811,8,92424408,'教学内容中规中矩，能够完成教学任务，但亮点不多。',3,'2026-01-14 09:38:45'),(1812,8,71092932,'教学态度和效果都有待提高，希望后续能有所改进。',1,'2026-01-14 09:38:45'),(1813,8,26283665,'课程较为基础，对部分同学帮助有限。',3,'2026-01-14 09:38:45'),(1814,8,53415315,'教学态度和效果都有待提高，希望后续能有所改进。',1,'2026-01-14 09:38:45'),(1815,8,42886706,'专业水平很高，对问题的分析深入浅出，是非常优秀的老师。',5,'2026-01-14 09:38:45'),(1816,8,73164891,'讲解不够细致，课堂互动较少，需要进一步改进。',2,'2026-01-14 09:38:45'),(1817,8,32238038,'课程较为基础，对部分同学帮助有限。',3,'2026-01-14 09:38:45'),(1818,8,14704802,'课程体验较差，内容安排混乱，收获不大。',1,'2026-01-14 09:38:45'),(1819,8,83002314,'教学方式较为单一，部分知识点讲解不清晰。',2,'2026-01-14 09:38:45'),(1820,9,88461764,'教学态度和效果都有待提高，希望后续能有所改进。',1,'2026-01-14 09:38:45'),(1821,9,17666163,'教学认真负责，讲解清晰，课堂互动性强，收获很大。',5,'2026-01-14 09:38:45'),(1822,9,91361528,'专业水平很高，对问题的分析深入浅出，是非常优秀的老师。',5,'2026-01-14 09:38:45'),(1823,9,25562524,'课程较为基础，对部分同学帮助有限。',3,'2026-01-14 09:38:45'),(1824,9,16187539,'课程较为基础，对部分同学帮助有限。',3,'2026-01-14 09:38:45'),(1825,9,71092932,'讲解不够细致，课堂互动较少，需要进一步改进。',2,'2026-01-14 09:38:45'),(1826,9,89953555,'讲课条理清楚，作业反馈及时，有一定启发性。',4,'2026-01-14 09:38:45'),(1827,9,62614936,'课程体验较差，内容安排混乱，收获不大。',1,'2026-01-14 09:38:45'),(1828,10,27301907,'课程体验较差，内容安排混乱，收获不大。',1,'2026-01-14 09:38:45'),(1829,10,48154285,'教学方式较为单一，部分知识点讲解不清晰。',2,'2026-01-14 09:38:45'),(1830,10,25562524,'讲解不够细致，课堂互动较少，需要进一步改进。',2,'2026-01-14 09:38:45'),(1831,10,50693310,'专业水平很高，对问题的分析深入浅出，是非常优秀的老师。',5,'2026-01-14 09:38:45'),(1832,10,41115709,'讲课条理清楚，作业反馈及时，有一定启发性。',4,'2026-01-14 09:38:45'),(1833,10,51909385,'教学方式较为单一，部分知识点讲解不清晰。',2,'2026-01-14 09:38:45'),(1834,10,18396214,'讲解不够细致，课堂互动较少，需要进一步改进。',2,'2026-01-14 09:38:45'),(1835,10,59431087,'教学态度和效果都有待提高，希望后续能有所改进。',1,'2026-01-14 09:38:45'),(1836,10,67841650,'教学方式较为单一，部分知识点讲解不清晰。',2,'2026-01-14 09:38:45'),(1837,10,74167723,'教学内容中规中矩，能够完成教学任务，但亮点不多。',3,'2026-01-14 09:38:45'),(1838,10,20947196,'教学方式较为单一，部分知识点讲解不清晰。',2,'2026-01-14 09:38:45'),(1839,10,83002314,'课程较为基础，对部分同学帮助有限。',3,'2026-01-14 09:38:45'),(1840,11,21851866,'课程体验较差，内容安排混乱，收获不大。',1,'2026-01-14 09:38:45'),(1841,11,52074376,'整体教学效果很好，课程安排合理，偶尔节奏稍快。',4,'2026-01-14 09:38:45'),(1842,11,89056370,'讲解不够细致，课堂互动较少，需要进一步改进。',2,'2026-01-14 09:38:45'),(1843,11,34566470,'教学内容中规中矩，能够完成教学任务，但亮点不多。',3,'2026-01-14 09:38:45'),(1844,11,83002314,'整体教学效果很好，课程安排合理，偶尔节奏稍快。',4,'2026-01-14 09:38:45'),(1845,11,53415315,'讲课条理清楚，作业反馈及时，有一定启发性。',4,'2026-01-14 09:38:45'),(1846,11,15778859,'教学方式较为单一，部分知识点讲解不清晰。',2,'2026-01-14 09:38:45'),(1847,11,73164891,'教学认真负责，讲解清晰，课堂互动性强，收获很大。',5,'2026-01-14 09:38:45'),(1848,12,52074376,'讲课条理清楚，作业反馈及时，有一定启发性。',4,'2026-01-14 09:38:45'),(1849,12,59771995,'教学方式较为单一，部分知识点讲解不清晰。',2,'2026-01-14 09:38:45'),(1850,12,81052176,'教学内容中规中矩，能够完成教学任务，但亮点不多。',3,'2026-01-14 09:38:45'),(1851,12,83768047,'整体教学效果很好，课程安排合理，偶尔节奏稍快。',4,'2026-01-14 09:38:45'),(1852,12,50693310,'教学方式较为单一，部分知识点讲解不清晰。',2,'2026-01-14 09:38:45'),(1853,12,64704780,'教学认真负责，讲解清晰，课堂互动性强，收获很大。',5,'2026-01-14 09:38:45'),(1854,12,89056370,'专业水平很高，对问题的分析深入浅出，是非常优秀的老师。',5,'2026-01-14 09:38:45'),(1855,12,30485380,'教学认真负责，讲解清晰，课堂互动性强，收获很大。',5,'2026-01-14 09:38:45'),(1856,12,44190666,'课程体验较差，内容安排混乱，收获不大。',1,'2026-01-14 09:38:45'),(1857,12,96009989,'教学认真负责，讲解清晰，课堂互动性强，收获很大。',5,'2026-01-14 09:38:45'),(1858,13,74167723,'教学内容中规中矩，能够完成教学任务，但亮点不多。',3,'2026-01-14 09:38:45'),(1859,13,88668306,'课程较为基础，对部分同学帮助有限。',3,'2026-01-14 09:38:45'),(1860,13,22785332,'教学方式较为单一，部分知识点讲解不清晰。',2,'2026-01-14 09:38:45'),(1861,13,17666163,'教学认真负责，讲解清晰，课堂互动性强，收获很大。',5,'2026-01-14 09:38:45'),(1862,13,20947196,'讲解不够细致，课堂互动较少，需要进一步改进。',2,'2026-01-14 09:38:45'),(1863,13,81052176,'教学认真负责，讲解清晰，课堂互动性强，收获很大。',5,'2026-01-14 09:38:45'),(1864,13,51909385,'课程体验较差，内容安排混乱，收获不大。',1,'2026-01-14 09:38:45'),(1865,13,26873717,'教学态度和效果都有待提高，希望后续能有所改进。',1,'2026-01-14 09:38:45'),(1866,13,34566470,'整体教学效果很好，课程安排合理，偶尔节奏稍快。',4,'2026-01-14 09:38:45'),(1867,14,48154285,'讲解不够细致，课堂互动较少，需要进一步改进。',2,'2026-01-14 09:38:45'),(1868,14,46799267,'课程较为基础，对部分同学帮助有限。',3,'2026-01-14 09:38:45'),(1869,14,98975891,'讲课条理清楚，作业反馈及时，有一定启发性。',4,'2026-01-14 09:38:45'),(1870,14,88668306,'课程体验较差，内容安排混乱，收获不大。',1,'2026-01-14 09:38:45'),(1871,14,22675077,'讲解不够细致，课堂互动较少，需要进一步改进。',2,'2026-01-14 09:38:45'),(1872,14,53415315,'教学认真负责，讲解清晰，课堂互动性强，收获很大。',5,'2026-01-14 09:38:45'),(1873,14,59771995,'整体教学效果很好，课程安排合理，偶尔节奏稍快。',4,'2026-01-14 09:38:45'),(1874,14,12775872,'课程体验较差，内容安排混乱，收获不大。',1,'2026-01-14 09:38:45'),(1875,15,31624971,'教学态度和效果都有待提高，希望后续能有所改进。',1,'2026-01-14 09:38:45'),(1876,15,22420487,'课程较为基础，对部分同学帮助有限。',3,'2026-01-14 09:38:45'),(1877,15,34566470,'专业水平很高，对问题的分析深入浅出，是非常优秀的老师。',5,'2026-01-14 09:38:45'),(1878,15,27301907,'专业水平很高，对问题的分析深入浅出，是非常优秀的老师。',5,'2026-01-14 09:38:45'),(1879,15,61934567,'教学认真负责，讲解清晰，课堂互动性强，收获很大。',5,'2026-01-14 09:38:45'),(1880,15,67841650,'课程较为基础，对部分同学帮助有限。',3,'2026-01-14 09:38:45'),(1881,15,28629128,'教学认真负责，讲解清晰，课堂互动性强，收获很大。',5,'2026-01-14 09:38:45'),(1882,15,72214603,'讲课条理清楚，作业反馈及时，有一定启发性。',4,'2026-01-14 09:38:45'),(1883,15,12775872,'教学方式较为单一，部分知识点讲解不清晰。',2,'2026-01-14 09:38:45'),(1884,15,21657127,'教学内容中规中矩，能够完成教学任务，但亮点不多。',3,'2026-01-14 09:38:45'),(1885,16,79884221,'教学方式较为单一，部分知识点讲解不清晰。',2,'2026-01-14 09:38:45'),(1886,16,83002314,'教学内容中规中矩，能够完成教学任务，但亮点不多。',3,'2026-01-14 09:38:45'),(1887,16,18396214,'教学内容中规中矩，能够完成教学任务，但亮点不多。',3,'2026-01-14 09:38:45'),(1888,16,26283665,'教学认真负责，讲解清晰，课堂互动性强，收获很大。',5,'2026-01-14 09:38:45'),(1889,16,42886706,'整体教学效果很好，课程安排合理，偶尔节奏稍快。',4,'2026-01-14 09:38:45'),(1890,16,32864161,'教学内容中规中矩，能够完成教学任务，但亮点不多。',3,'2026-01-14 09:38:45'),(1891,16,76341026,'教学方式较为单一，部分知识点讲解不清晰。',2,'2026-01-14 09:38:45'),(1892,16,20947196,'整体教学效果很好，课程安排合理，偶尔节奏稍快。',4,'2026-01-14 09:38:45'),(1893,16,78642735,'课程较为基础，对部分同学帮助有限。',3,'2026-01-14 09:38:45'),(1894,17,79884221,'教学内容中规中矩，能够完成教学任务，但亮点不多。',3,'2026-01-14 09:38:45'),(1895,17,12775872,'课程较为基础，对部分同学帮助有限。',3,'2026-01-14 09:38:45'),(1896,17,87464378,'教学方式较为单一，部分知识点讲解不清晰。',2,'2026-01-14 09:38:45'),(1897,17,38488715,'教学方式较为单一，部分知识点讲解不清晰。',2,'2026-01-14 09:38:45'),(1898,17,89056370,'整体教学效果很好，课程安排合理，偶尔节奏稍快。',4,'2026-01-14 09:38:45'),(1899,17,67555985,'整体教学效果很好，课程安排合理，偶尔节奏稍快。',4,'2026-01-14 09:38:45'),(1900,17,20947196,'讲解不够细致，课堂互动较少，需要进一步改进。',2,'2026-01-14 09:38:45'),(1901,17,46799267,'教学方式较为单一，部分知识点讲解不清晰。',2,'2026-01-14 09:38:45'),(1902,17,73843850,'教学态度和效果都有待提高，希望后续能有所改进。',1,'2026-01-14 09:38:45'),(1903,17,61934567,'课程较为基础，对部分同学帮助有限。',3,'2026-01-14 09:38:45'),(1904,18,73843850,'讲课条理清楚，作业反馈及时，有一定启发性。',4,'2026-01-14 09:38:45'),(1905,18,46799267,'讲课条理清楚，作业反馈及时，有一定启发性。',4,'2026-01-14 09:38:45'),(1906,18,21055574,'讲解不够细致，课堂互动较少，需要进一步改进。',2,'2026-01-14 09:38:45'),(1907,18,89953555,'专业水平很高，对问题的分析深入浅出，是非常优秀的老师。',5,'2026-01-14 09:38:45'),(1908,18,74167723,'教学态度和效果都有待提高，希望后续能有所改进。',1,'2026-01-14 09:38:45'),(1909,18,79884221,'整体教学效果很好，课程安排合理，偶尔节奏稍快。',4,'2026-01-14 09:38:45'),(1910,18,28629128,'讲课条理清楚，作业反馈及时，有一定启发性。',4,'2026-01-14 09:38:45'),(1911,18,53415315,'整体教学效果很好，课程安排合理，偶尔节奏稍快。',4,'2026-01-14 09:38:45'),(1912,18,60041388,'教学认真负责，讲解清晰，课堂互动性强，收获很大。',5,'2026-01-14 09:38:45'),(1913,19,57903308,'课程体验较差，内容安排混乱，收获不大。',1,'2026-01-14 09:38:45'),(1914,19,50693310,'讲解不够细致，课堂互动较少，需要进一步改进。',2,'2026-01-14 09:38:45'),(1915,19,43712406,'教学态度和效果都有待提高，希望后续能有所改进。',1,'2026-01-14 09:38:45'),(1916,19,79884221,'整体教学效果很好，课程安排合理，偶尔节奏稍快。',4,'2026-01-14 09:38:45'),(1917,19,40508697,'教学内容中规中矩，能够完成教学任务，但亮点不多。',3,'2026-01-14 09:38:45'),(1918,19,26283665,'讲解不够细致，课堂互动较少，需要进一步改进。',2,'2026-01-14 09:38:45'),(1919,19,40029262,'教学认真负责，讲解清晰，课堂互动性强，收获很大。',5,'2026-01-14 09:38:45'),(1920,19,21851866,'讲课条理清楚，作业反馈及时，有一定启发性。',4,'2026-01-14 09:38:45'),(1921,19,14704802,'讲解不够细致，课堂互动较少，需要进一步改进。',2,'2026-01-14 09:38:45'),(1922,19,89056370,'教学态度和效果都有待提高，希望后续能有所改进。',1,'2026-01-14 09:38:45'),(1923,20,81052176,'教学态度和效果都有待提高，希望后续能有所改进。',1,'2026-01-14 09:38:45'),(1924,20,23311413,'整体教学效果很好，课程安排合理，偶尔节奏稍快。',4,'2026-01-14 09:38:45'),(1925,20,89056370,'专业水平很高，对问题的分析深入浅出，是非常优秀的老师。',5,'2026-01-14 09:38:45'),(1926,20,83002314,'课程体验较差，内容安排混乱，收获不大。',1,'2026-01-14 09:38:45'),(1927,20,22420487,'教学内容中规中矩，能够完成教学任务，但亮点不多。',3,'2026-01-14 09:38:45'),(1928,20,17666163,'讲解不够细致，课堂互动较少，需要进一步改进。',2,'2026-01-14 09:38:45'),(1929,20,59431087,'整体教学效果很好，课程安排合理，偶尔节奏稍快。',4,'2026-01-14 09:38:45'),(1930,20,78642735,'课程较为基础，对部分同学帮助有限。',3,'2026-01-14 09:38:45'),(1931,20,53415315,'专业水平很高，对问题的分析深入浅出，是非常优秀的老师。',5,'2026-01-14 09:38:45'),(1932,20,89953555,'课程较为基础，对部分同学帮助有限。',3,'2026-01-14 09:38:45'),(1933,20,15778859,'课程较为基础，对部分同学帮助有限。',3,'2026-01-14 09:38:45'),(1934,21,32864161,'课程较为基础，对部分同学帮助有限。',3,'2026-01-14 09:38:45'),(1935,21,20947196,'教学态度和效果都有待提高，希望后续能有所改进。',1,'2026-01-14 09:38:45'),(1936,21,83002314,'专业水平很高，对问题的分析深入浅出，是非常优秀的老师。',5,'2026-01-14 09:38:45'),(1937,21,76341026,'教学方式较为单一，部分知识点讲解不清晰。',2,'2026-01-14 09:38:45'),(1938,21,62614936,'教学内容中规中矩，能够完成教学任务，但亮点不多。',3,'2026-01-14 09:38:45'),(1939,21,92424408,'教学内容中规中矩，能够完成教学任务，但亮点不多。',3,'2026-01-14 09:38:45'),(1940,21,38903121,'讲解不够细致，课堂互动较少，需要进一步改进。',2,'2026-01-14 09:38:45'),(1941,21,44190666,'整体教学效果很好，课程安排合理，偶尔节奏稍快。',4,'2026-01-14 09:38:45'),(1942,22,30485380,'专业水平很高，对问题的分析深入浅出，是非常优秀的老师。',5,'2026-01-14 09:38:45'),(1943,22,41115709,'教学态度和效果都有待提高，希望后续能有所改进。',1,'2026-01-14 09:38:45'),(1944,22,78642735,'讲课条理清楚，作业反馈及时，有一定启发性。',4,'2026-01-14 09:38:45'),(1945,22,28629128,'教学内容中规中矩，能够完成教学任务，但亮点不多。',3,'2026-01-14 09:38:45'),(1946,22,16187539,'讲解不够细致，课堂互动较少，需要进一步改进。',2,'2026-01-14 09:38:45'),(1947,22,26670979,'整体教学效果很好，课程安排合理，偶尔节奏稍快。',4,'2026-01-14 09:38:45'),(1948,22,59431087,'教学内容中规中矩，能够完成教学任务，但亮点不多。',3,'2026-01-14 09:38:45'),(1949,22,22347072,'专业水平很高，对问题的分析深入浅出，是非常优秀的老师。',5,'2026-01-14 09:38:45'),(1950,22,76341026,'教学认真负责，讲解清晰，课堂互动性强，收获很大。',5,'2026-01-14 09:38:45'),(1951,22,73164891,'专业水平很高，对问题的分析深入浅出，是非常优秀的老师。',5,'2026-01-14 09:38:45'),(1952,22,87822727,'课程体验较差，内容安排混乱，收获不大。',1,'2026-01-14 09:38:45'),(1953,22,18463947,'教学态度和效果都有待提高，希望后续能有所改进。',1,'2026-01-14 09:38:45'),(1954,23,32864161,'教学内容中规中矩，能够完成教学任务，但亮点不多。',3,'2026-01-14 09:38:45'),(1955,23,21055574,'讲课条理清楚，作业反馈及时，有一定启发性。',4,'2026-01-14 09:38:45'),(1956,23,83002314,'讲课条理清楚，作业反馈及时，有一定启发性。',4,'2026-01-14 09:38:45'),(1957,23,83833488,'教学方式较为单一，部分知识点讲解不清晰。',2,'2026-01-14 09:38:45'),(1958,23,38488715,'讲课条理清楚，作业反馈及时，有一定启发性。',4,'2026-01-14 09:38:45'),(1959,23,22785332,'课程较为基础，对部分同学帮助有限。',3,'2026-01-14 09:38:45'),(1960,23,57903308,'讲课条理清楚，作业反馈及时，有一定启发性。',4,'2026-01-14 09:38:45'),(1961,23,21657127,'讲解不够细致，课堂互动较少，需要进一步改进。',2,'2026-01-14 09:38:45'),(1962,23,88461764,'讲课条理清楚，作业反馈及时，有一定启发性。',4,'2026-01-14 09:38:45'),(1963,24,42886706,'教学态度和效果都有待提高，希望后续能有所改进。',1,'2026-01-14 09:38:45'),(1964,24,81052176,'讲解不够细致，课堂互动较少，需要进一步改进。',2,'2026-01-14 09:38:45'),(1965,24,95862588,'教学态度和效果都有待提高，希望后续能有所改进。',1,'2026-01-14 09:38:45'),(1966,24,17666163,'教学方式较为单一，部分知识点讲解不清晰。',2,'2026-01-14 09:38:45'),(1967,24,78642735,'教学认真负责，讲解清晰，课堂互动性强，收获很大。',5,'2026-01-14 09:38:45'),(1968,24,15778859,'教学内容中规中矩，能够完成教学任务，但亮点不多。',3,'2026-01-14 09:38:45'),(1969,24,83002314,'教学态度和效果都有待提高，希望后续能有所改进。',1,'2026-01-14 09:38:45'),(1970,24,74167723,'课程较为基础，对部分同学帮助有限。',3,'2026-01-14 09:38:45'),(1971,24,22347072,'专业水平很高，对问题的分析深入浅出，是非常优秀的老师。',5,'2026-01-14 09:38:45'),(1972,24,27301907,'教学态度和效果都有待提高，希望后续能有所改进。',1,'2026-01-14 09:38:45'),(1973,25,52074376,'讲课条理清楚，作业反馈及时，有一定启发性。',4,'2026-01-14 09:38:45'),(1974,25,83002314,'整体教学效果很好，课程安排合理，偶尔节奏稍快。',4,'2026-01-14 09:38:45'),(1975,25,26873717,'整体教学效果很好，课程安排合理，偶尔节奏稍快。',4,'2026-01-14 09:38:45'),(1976,25,23311413,'课程体验较差，内容安排混乱，收获不大。',1,'2026-01-14 09:38:45'),(1977,25,60041388,'讲解不够细致，课堂互动较少，需要进一步改进。',2,'2026-01-14 09:38:45'),(1978,25,16050183,'整体教学效果很好，课程安排合理，偶尔节奏稍快。',4,'2026-01-14 09:38:45'),(1979,25,12775872,'整体教学效果很好，课程安排合理，偶尔节奏稍快。',4,'2026-01-14 09:38:45'),(1980,25,18396214,'教学内容中规中矩，能够完成教学任务，但亮点不多。',3,'2026-01-14 09:38:45'),(1981,25,23253331,'讲课条理清楚，作业反馈及时，有一定启发性。',4,'2026-01-14 09:38:45'),(1982,25,21851866,'讲解不够细致，课堂互动较少，需要进一步改进。',2,'2026-01-14 09:38:45'),(1983,25,22675077,'课程体验较差，内容安排混乱，收获不大。',1,'2026-01-14 09:38:45'),(1984,26,17666163,'讲课条理清楚，作业反馈及时，有一定启发性。',4,'2026-01-14 09:38:45'),(1985,26,61934567,'教学内容中规中矩，能够完成教学任务，但亮点不多。',3,'2026-01-14 09:38:45'),(1986,26,89953555,'整体教学效果很好，课程安排合理，偶尔节奏稍快。',4,'2026-01-14 09:38:45'),(1987,26,26873717,'教学方式较为单一，部分知识点讲解不清晰。',2,'2026-01-14 09:38:45'),(1988,26,83768047,'教学认真负责，讲解清晰，课堂互动性强，收获很大。',5,'2026-01-14 09:38:45'),(1989,26,13268700,'教学认真负责，讲解清晰，课堂互动性强，收获很大。',5,'2026-01-14 09:38:45'),(1990,26,28629128,'整体教学效果很好，课程安排合理，偶尔节奏稍快。',4,'2026-01-14 09:38:45'),(1991,26,46799267,'讲解不够细致，课堂互动较少，需要进一步改进。',2,'2026-01-14 09:38:45'),(1992,26,88461764,'教学方式较为单一，部分知识点讲解不清晰。',2,'2026-01-14 09:38:45'),(1993,26,64704780,'课程体验较差，内容安排混乱，收获不大。',1,'2026-01-14 09:38:45'),(1994,26,72214603,'教学认真负责，讲解清晰，课堂互动性强，收获很大。',5,'2026-01-14 09:38:45'),(1995,27,38488715,'课程体验较差，内容安排混乱，收获不大。',1,'2026-01-14 09:38:45'),(1996,27,23353098,'课程体验较差，内容安排混乱，收获不大。',1,'2026-01-14 09:38:45'),(1997,27,53415315,'课程体验较差，内容安排混乱，收获不大。',1,'2026-01-14 09:38:45'),(1998,27,78642735,'教学态度和效果都有待提高，希望后续能有所改进。',1,'2026-01-14 09:38:45'),(1999,27,46799267,'专业水平很高，对问题的分析深入浅出，是非常优秀的老师。',5,'2026-01-14 09:38:45'),(2000,27,60041388,'课程较为基础，对部分同学帮助有限。',3,'2026-01-14 09:38:45'),(2001,27,28629128,'整体教学效果很好，课程安排合理，偶尔节奏稍快。',4,'2026-01-14 09:38:45'),(2002,27,46235136,'课程较为基础，对部分同学帮助有限。',3,'2026-01-14 09:38:45'),(2003,28,88668306,'课程较为基础，对部分同学帮助有限。',3,'2026-01-14 09:38:45'),(2004,28,76341026,'教学内容中规中矩，能够完成教学任务，但亮点不多。',3,'2026-01-14 09:38:45'),(2005,28,88461764,'课程较为基础，对部分同学帮助有限。',3,'2026-01-14 09:38:45'),(2006,28,92424408,'课程较为基础，对部分同学帮助有限。',3,'2026-01-14 09:38:45'),(2007,28,22420487,'教学内容中规中矩，能够完成教学任务，但亮点不多。',3,'2026-01-14 09:38:45'),(2008,28,46799267,'教学态度和效果都有待提高，希望后续能有所改进。',1,'2026-01-14 09:38:45'),(2009,28,59431087,'专业水平很高，对问题的分析深入浅出，是非常优秀的老师。',5,'2026-01-14 09:38:45'),(2010,28,80131888,'教学态度和效果都有待提高，希望后续能有所改进。',1,'2026-01-14 09:38:45'),(2011,29,22420487,'课程体验较差，内容安排混乱，收获不大。',1,'2026-01-14 09:38:45'),(2012,29,32864161,'教学认真负责，讲解清晰，课堂互动性强，收获很大。',5,'2026-01-14 09:38:45'),(2013,29,34566470,'专业水平很高，对问题的分析深入浅出，是非常优秀的老师。',5,'2026-01-14 09:38:45'),(2014,29,62614936,'专业水平很高，对问题的分析深入浅出，是非常优秀的老师。',5,'2026-01-14 09:38:45'),(2015,29,72214603,'教学方式较为单一，部分知识点讲解不清晰。',2,'2026-01-14 09:38:45'),(2016,29,30485380,'专业水平很高，对问题的分析深入浅出，是非常优秀的老师。',5,'2026-01-14 09:38:45'),(2017,29,21851866,'整体教学效果很好，课程安排合理，偶尔节奏稍快。',4,'2026-01-14 09:38:45'),(2018,29,51909385,'讲课条理清楚，作业反馈及时，有一定启发性。',4,'2026-01-14 09:38:45'),(2019,29,32238038,'教学认真负责，讲解清晰，课堂互动性强，收获很大。',5,'2026-01-14 09:38:45'),(2020,29,80131888,'教学态度和效果都有待提高，希望后续能有所改进。',1,'2026-01-14 09:38:45'),(2021,29,98975891,'教学方式较为单一，部分知识点讲解不清晰。',2,'2026-01-14 09:38:45'),(2022,30,41115709,'教学内容中规中矩，能够完成教学任务，但亮点不多。',3,'2026-01-14 09:38:45'),(2023,30,95862588,'整体教学效果很好，课程安排合理，偶尔节奏稍快。',4,'2026-01-14 09:38:45'),(2024,30,83768047,'课程体验较差，内容安排混乱，收获不大。',1,'2026-01-14 09:38:45'),(2025,30,74167723,'整体教学效果很好，课程安排合理，偶尔节奏稍快。',4,'2026-01-14 09:38:45'),(2026,30,88461764,'课程较为基础，对部分同学帮助有限。',3,'2026-01-14 09:38:45'),(2027,30,23353098,'课程较为基础，对部分同学帮助有限。',3,'2026-01-14 09:38:45'),(2028,30,96009989,'专业水平很高，对问题的分析深入浅出，是非常优秀的老师。',5,'2026-01-14 09:38:45'),(2029,30,57903308,'讲课条理清楚，作业反馈及时，有一定启发性。',4,'2026-01-14 09:38:45'),(2030,30,22420487,'讲课条理清楚，作业反馈及时，有一定启发性。',4,'2026-01-14 09:38:45'),(2031,31,87464378,'讲课条理清楚，作业反馈及时，有一定启发性。',4,'2026-01-14 09:38:45'),(2032,31,74167723,'教学认真负责，讲解清晰，课堂互动性强，收获很大。',5,'2026-01-14 09:38:45'),(2033,31,25562524,'讲课条理清楚，作业反馈及时，有一定启发性。',4,'2026-01-14 09:38:45'),(2034,31,44190666,'教学内容中规中矩，能够完成教学任务，但亮点不多。',3,'2026-01-14 09:38:45'),(2035,31,32238038,'课程较为基础，对部分同学帮助有限。',3,'2026-01-14 09:38:45'),(2036,31,46235136,'教学态度和效果都有待提高，希望后续能有所改进。',1,'2026-01-14 09:38:45'),(2037,31,96009989,'教学态度和效果都有待提高，希望后续能有所改进。',1,'2026-01-14 09:38:45'),(2038,31,21657127,'整体教学效果很好，课程安排合理，偶尔节奏稍快。',4,'2026-01-14 09:38:45'),(2039,31,64704780,'专业水平很高，对问题的分析深入浅出，是非常优秀的老师。',5,'2026-01-14 09:38:45'),(2040,31,31624971,'讲课条理清楚，作业反馈及时，有一定启发性。',4,'2026-01-14 09:38:45'),(2041,31,40508697,'课程体验较差，内容安排混乱，收获不大。',1,'2026-01-14 09:38:45'),(2042,32,34566470,'教学认真负责，讲解清晰，课堂互动性强，收获很大。',5,'2026-01-14 09:38:45'),(2043,32,21851866,'讲课条理清楚，作业反馈及时，有一定启发性。',4,'2026-01-14 09:38:45'),(2044,32,22483420,'专业水平很高，对问题的分析深入浅出，是非常优秀的老师。',5,'2026-01-14 09:38:45'),(2045,32,52074376,'课程体验较差，内容安排混乱，收获不大。',1,'2026-01-14 09:38:45'),(2046,32,72214603,'讲解不够细致，课堂互动较少，需要进一步改进。',2,'2026-01-14 09:38:45'),(2047,32,32864161,'专业水平很高，对问题的分析深入浅出，是非常优秀的老师。',5,'2026-01-14 09:38:45'),(2048,32,19102315,'专业水平很高，对问题的分析深入浅出，是非常优秀的老师。',5,'2026-01-14 09:38:45'),(2049,32,91361528,'教学内容中规中矩，能够完成教学任务，但亮点不多。',3,'2026-01-14 09:38:45'),(2050,32,15778859,'教学态度和效果都有待提高，希望后续能有所改进。',1,'2026-01-14 09:38:45'),(2051,33,50693310,'整体教学效果很好，课程安排合理，偶尔节奏稍快。',4,'2026-01-14 09:38:45'),(2052,33,31624971,'教学内容中规中矩，能够完成教学任务，但亮点不多。',3,'2026-01-14 09:38:45'),(2053,33,27301907,'教学态度和效果都有待提高，希望后续能有所改进。',1,'2026-01-14 09:38:45'),(2054,33,23353098,'讲解不够细致，课堂互动较少，需要进一步改进。',2,'2026-01-14 09:38:45'),(2055,33,16050183,'教学方式较为单一，部分知识点讲解不清晰。',2,'2026-01-14 09:38:45'),(2056,33,88461764,'教学内容中规中矩，能够完成教学任务，但亮点不多。',3,'2026-01-14 09:38:45'),(2057,33,46235136,'教学内容中规中矩，能够完成教学任务，但亮点不多。',3,'2026-01-14 09:38:45'),(2058,33,17666163,'课程较为基础，对部分同学帮助有限。',3,'2026-01-14 09:38:45'),(2059,33,89953555,'课程体验较差，内容安排混乱，收获不大。',1,'2026-01-14 09:38:45'),(2060,34,67841650,'讲解不够细致，课堂互动较少，需要进一步改进。',2,'2026-01-14 09:38:45'),(2061,34,21657127,'教学方式较为单一，部分知识点讲解不清晰。',2,'2026-01-14 09:38:45'),(2062,34,79884221,'教学内容中规中矩，能够完成教学任务，但亮点不多。',3,'2026-01-14 09:38:45'),(2063,34,12775872,'讲解不够细致，课堂互动较少，需要进一步改进。',2,'2026-01-14 09:38:45'),(2064,34,30485380,'教学态度和效果都有待提高，希望后续能有所改进。',1,'2026-01-14 09:38:45'),(2065,34,78642735,'讲解不够细致，课堂互动较少，需要进一步改进。',2,'2026-01-14 09:38:45'),(2066,34,25562524,'专业水平很高，对问题的分析深入浅出，是非常优秀的老师。',5,'2026-01-14 09:38:45'),(2067,34,26736085,'教学认真负责，讲解清晰，课堂互动性强，收获很大。',5,'2026-01-14 09:38:45'),(2068,34,38903121,'讲解不够细致，课堂互动较少，需要进一步改进。',2,'2026-01-14 09:38:45'),(2069,35,43712406,'讲解不够细致，课堂互动较少，需要进一步改进。',2,'2026-01-14 09:38:45'),(2070,35,53415315,'讲解不够细致，课堂互动较少，需要进一步改进。',2,'2026-01-14 09:38:45'),(2071,35,25562524,'课程体验较差，内容安排混乱，收获不大。',1,'2026-01-14 09:38:45'),(2072,35,23311413,'讲课条理清楚，作业反馈及时，有一定启发性。',4,'2026-01-14 09:38:45'),(2073,35,50693310,'整体教学效果很好，课程安排合理，偶尔节奏稍快。',4,'2026-01-14 09:38:45'),(2074,35,81052176,'课程较为基础，对部分同学帮助有限。',3,'2026-01-14 09:38:45'),(2075,35,67841650,'整体教学效果很好，课程安排合理，偶尔节奏稍快。',4,'2026-01-14 09:38:45'),(2076,35,22675077,'教学内容中规中矩，能够完成教学任务，但亮点不多。',3,'2026-01-14 09:38:45'),(2077,35,52074376,'整体教学效果很好，课程安排合理，偶尔节奏稍快。',4,'2026-01-14 09:38:45'),(2078,36,96009989,'教学内容中规中矩，能够完成教学任务，但亮点不多。',3,'2026-01-14 09:38:45'),(2079,36,88461764,'整体教学效果很好，课程安排合理，偶尔节奏稍快。',4,'2026-01-14 09:38:45'),(2080,36,23311413,'讲解不够细致，课堂互动较少，需要进一步改进。',2,'2026-01-14 09:38:45'),(2081,36,72214603,'教学内容中规中矩，能够完成教学任务，但亮点不多。',3,'2026-01-14 09:38:45'),(2082,36,23353098,'教学态度和效果都有待提高，希望后续能有所改进。',1,'2026-01-14 09:38:45'),(2083,36,76341026,'专业水平很高，对问题的分析深入浅出，是非常优秀的老师。',5,'2026-01-14 09:38:45'),(2084,36,20947196,'讲解不够细致，课堂互动较少，需要进一步改进。',2,'2026-01-14 09:38:45'),(2085,36,21851866,'课程体验较差，内容安排混乱，收获不大。',1,'2026-01-14 09:38:45'),(2086,36,52074376,'讲解不够细致，课堂互动较少，需要进一步改进。',2,'2026-01-14 09:38:45'),(2087,36,28629128,'课程体验较差，内容安排混乱，收获不大。',1,'2026-01-14 09:38:45'),(2088,37,41115709,'课程较为基础，对部分同学帮助有限。',3,'2026-01-14 09:38:45'),(2089,37,44190666,'教学方式较为单一，部分知识点讲解不清晰。',2,'2026-01-14 09:38:45'),(2090,37,28629128,'教学态度和效果都有待提高，希望后续能有所改进。',1,'2026-01-14 09:38:45'),(2091,37,26873717,'教学方式较为单一，部分知识点讲解不清晰。',2,'2026-01-14 09:38:45'),(2092,37,74167723,'教学态度和效果都有待提高，希望后续能有所改进。',1,'2026-01-14 09:38:45'),(2093,37,23253331,'专业水平很高，对问题的分析深入浅出，是非常优秀的老师。',5,'2026-01-14 09:38:45'),(2094,37,27301907,'专业水平很高，对问题的分析深入浅出，是非常优秀的老师。',5,'2026-01-14 09:38:45'),(2095,37,40508697,'教学方式较为单一，部分知识点讲解不清晰。',2,'2026-01-14 09:38:45'),(2096,37,42886706,'课程较为基础，对部分同学帮助有限。',3,'2026-01-14 09:38:45'),(2097,37,30485380,'教学方式较为单一，部分知识点讲解不清晰。',2,'2026-01-14 09:38:45'),(2098,37,13268700,'教学内容中规中矩，能够完成教学任务，但亮点不多。',3,'2026-01-14 09:38:45'),(2099,38,34150575,'教学态度和效果都有待提高，希望后续能有所改进。',1,'2026-01-14 09:38:45'),(2100,38,21851866,'教学内容中规中矩，能够完成教学任务，但亮点不多。',3,'2026-01-14 09:38:45'),(2101,38,43712406,'课程较为基础，对部分同学帮助有限。',3,'2026-01-14 09:38:45'),(2102,38,51909385,'整体教学效果很好，课程安排合理，偶尔节奏稍快。',4,'2026-01-14 09:38:45'),(2103,38,18463947,'讲解不够细致，课堂互动较少，需要进一步改进。',2,'2026-01-14 09:38:45'),(2104,38,83002314,'专业水平很高，对问题的分析深入浅出，是非常优秀的老师。',5,'2026-01-14 09:38:45'),(2105,38,76341026,'专业水平很高，对问题的分析深入浅出，是非常优秀的老师。',5,'2026-01-14 09:38:45'),(2106,38,46235136,'教学认真负责，讲解清晰，课堂互动性强，收获很大。',5,'2026-01-14 09:38:45'),(2107,38,21055574,'教学态度和效果都有待提高，希望后续能有所改进。',1,'2026-01-14 09:38:45'),(2108,38,44190666,'专业水平很高，对问题的分析深入浅出，是非常优秀的老师。',5,'2026-01-14 09:38:45'),(2109,38,42886706,'讲课条理清楚，作业反馈及时，有一定启发性。',4,'2026-01-14 09:38:45'),(2110,38,27301907,'教学方式较为单一，部分知识点讲解不清晰。',2,'2026-01-14 09:38:45'),(2111,39,87822727,'讲解不够细致，课堂互动较少，需要进一步改进。',2,'2026-01-14 09:38:45'),(2112,39,49847588,'教学认真负责，讲解清晰，课堂互动性强，收获很大。',5,'2026-01-14 09:38:45'),(2113,39,22785332,'专业水平很高，对问题的分析深入浅出，是非常优秀的老师。',5,'2026-01-14 09:38:45'),(2114,39,67555985,'课程较为基础，对部分同学帮助有限。',3,'2026-01-14 09:38:45'),(2115,39,27301907,'课程较为基础，对部分同学帮助有限。',3,'2026-01-14 09:38:45'),(2116,39,23253331,'课程较为基础，对部分同学帮助有限。',3,'2026-01-14 09:38:45'),(2117,39,89215531,'教学态度和效果都有待提高，希望后续能有所改进。',1,'2026-01-14 09:38:45'),(2118,39,25562524,'教学内容中规中矩，能够完成教学任务，但亮点不多。',3,'2026-01-14 09:38:45'),(2119,39,74167723,'教学认真负责，讲解清晰，课堂互动性强，收获很大。',5,'2026-01-14 09:38:45'),(2120,39,92424408,'整体教学效果很好，课程安排合理，偶尔节奏稍快。',4,'2026-01-14 09:38:45'),(2121,39,12775872,'教学内容中规中矩，能够完成教学任务，但亮点不多。',3,'2026-01-14 09:38:45'),(2122,39,53415315,'课程较为基础，对部分同学帮助有限。',3,'2026-01-14 09:38:45'),(2123,40,88461764,'教学方式较为单一，部分知识点讲解不清晰。',2,'2026-01-14 09:38:45'),(2124,40,72214603,'教学方式较为单一，部分知识点讲解不清晰。',2,'2026-01-14 09:38:45'),(2125,40,64704780,'课程较为基础，对部分同学帮助有限。',3,'2026-01-14 09:38:45'),(2126,40,89349723,'整体教学效果很好，课程安排合理，偶尔节奏稍快。',4,'2026-01-14 09:38:45'),(2127,40,89215531,'专业水平很高，对问题的分析深入浅出，是非常优秀的老师。',5,'2026-01-14 09:38:45'),(2128,40,96009989,'课程较为基础，对部分同学帮助有限。',3,'2026-01-14 09:38:45'),(2129,40,18396214,'整体教学效果很好，课程安排合理，偶尔节奏稍快。',4,'2026-01-14 09:38:45'),(2130,40,23353098,'整体教学效果很好，课程安排合理，偶尔节奏稍快。',4,'2026-01-14 09:38:45'),(2131,40,22675077,'教学内容中规中矩，能够完成教学任务，但亮点不多。',3,'2026-01-14 09:38:45'),(2132,41,71092932,'课程体验较差，内容安排混乱，收获不大。',1,'2026-01-14 09:38:45'),(2133,41,22420487,'讲课条理清楚，作业反馈及时，有一定启发性。',4,'2026-01-14 09:38:45'),(2134,41,64704780,'课程体验较差，内容安排混乱，收获不大。',1,'2026-01-14 09:38:45'),(2135,41,27250708,'专业水平很高，对问题的分析深入浅出，是非常优秀的老师。',5,'2026-01-14 09:38:45'),(2136,41,23353098,'讲课条理清楚，作业反馈及时，有一定启发性。',4,'2026-01-14 09:38:45'),(2137,41,22483420,'教学方式较为单一，部分知识点讲解不清晰。',2,'2026-01-14 09:38:45'),(2138,41,91361528,'教学认真负责，讲解清晰，课堂互动性强，收获很大。',5,'2026-01-14 09:38:45'),(2139,41,89953555,'课程较为基础，对部分同学帮助有限。',3,'2026-01-14 09:38:45'),(2140,41,73164891,'教学内容中规中矩，能够完成教学任务，但亮点不多。',3,'2026-01-14 09:38:45'),(2141,42,40508697,'教学态度和效果都有待提高，希望后续能有所改进。',1,'2026-01-14 09:38:45'),(2142,42,53415315,'课程体验较差，内容安排混乱，收获不大。',1,'2026-01-14 09:38:45'),(2143,42,46799267,'讲课条理清楚，作业反馈及时，有一定启发性。',4,'2026-01-14 09:38:45'),(2144,42,62764317,'讲课条理清楚，作业反馈及时，有一定启发性。',4,'2026-01-14 09:38:45'),(2145,42,26873717,'讲解不够细致，课堂互动较少，需要进一步改进。',2,'2026-01-14 09:38:45'),(2146,42,13268700,'教学方式较为单一，部分知识点讲解不清晰。',2,'2026-01-14 09:38:45'),(2147,42,30485380,'教学方式较为单一，部分知识点讲解不清晰。',2,'2026-01-14 09:38:45'),(2148,42,59431087,'专业水平很高，对问题的分析深入浅出，是非常优秀的老师。',5,'2026-01-14 09:38:45'),(2149,43,46235136,'教学内容中规中矩，能够完成教学任务，但亮点不多。',3,'2026-01-14 09:38:45'),(2150,43,23253331,'教学态度和效果都有待提高，希望后续能有所改进。',1,'2026-01-14 09:38:45'),(2151,43,62614936,'教学内容中规中矩，能够完成教学任务，但亮点不多。',3,'2026-01-14 09:38:45'),(2152,43,23311413,'教学内容中规中矩，能够完成教学任务，但亮点不多。',3,'2026-01-14 09:38:45'),(2153,43,18396214,'课程较为基础，对部分同学帮助有限。',3,'2026-01-14 09:38:45'),(2154,43,30485380,'整体教学效果很好，课程安排合理，偶尔节奏稍快。',4,'2026-01-14 09:38:45'),(2155,43,73843850,'专业水平很高，对问题的分析深入浅出，是非常优秀的老师。',5,'2026-01-14 09:38:45'),(2156,43,21055574,'教学态度和效果都有待提高，希望后续能有所改进。',1,'2026-01-14 09:38:45'),(2157,44,28629128,'讲课条理清楚，作业反馈及时，有一定启发性。',4,'2026-01-14 09:38:45'),(2158,44,21851866,'教学态度和效果都有待提高，希望后续能有所改进。',1,'2026-01-14 09:38:45'),(2159,44,21055574,'课程较为基础，对部分同学帮助有限。',3,'2026-01-14 09:38:45'),(2160,44,16187539,'课程体验较差，内容安排混乱，收获不大。',1,'2026-01-14 09:38:45'),(2161,44,15778859,'教学内容中规中矩，能够完成教学任务，但亮点不多。',3,'2026-01-14 09:38:45'),(2162,44,31624971,'课程体验较差，内容安排混乱，收获不大。',1,'2026-01-14 09:38:45'),(2163,44,20947196,'讲解不够细致，课堂互动较少，需要进一步改进。',2,'2026-01-14 09:38:45'),(2164,44,59771995,'教学内容中规中矩，能够完成教学任务，但亮点不多。',3,'2026-01-14 09:38:45'),(2165,44,22420487,'教学方式较为单一，部分知识点讲解不清晰。',2,'2026-01-14 09:38:45'),(2166,44,64704780,'教学认真负责，讲解清晰，课堂互动性强，收获很大。',5,'2026-01-14 09:38:45'),(2167,45,23353098,'讲课条理清楚，作业反馈及时，有一定启发性。',4,'2026-01-14 09:38:45'),(2168,45,59431087,'教学内容中规中矩，能够完成教学任务，但亮点不多。',3,'2026-01-14 09:38:45'),(2169,45,22347072,'整体教学效果很好，课程安排合理，偶尔节奏稍快。',4,'2026-01-14 09:38:45'),(2170,45,22785332,'课程体验较差，内容安排混乱，收获不大。',1,'2026-01-14 09:38:45'),(2171,45,27301907,'教学内容中规中矩，能够完成教学任务，但亮点不多。',3,'2026-01-14 09:38:45'),(2172,45,83833488,'课程体验较差，内容安排混乱，收获不大。',1,'2026-01-14 09:38:45'),(2173,45,88668306,'专业水平很高，对问题的分析深入浅出，是非常优秀的老师。',5,'2026-01-14 09:38:45'),(2174,45,41115709,'专业水平很高，对问题的分析深入浅出，是非常优秀的老师。',5,'2026-01-14 09:38:45'),(2175,45,62614936,'整体教学效果很好，课程安排合理，偶尔节奏稍快。',4,'2026-01-14 09:38:45'),(2176,45,59771995,'专业水平很高，对问题的分析深入浅出，是非常优秀的老师。',5,'2026-01-14 09:38:45'),(2177,46,60041388,'整体教学效果很好，课程安排合理，偶尔节奏稍快。',4,'2026-01-14 09:38:45'),(2178,46,95862588,'教学内容中规中矩，能够完成教学任务，但亮点不多。',3,'2026-01-14 09:38:45'),(2179,46,26283665,'讲解不够细致，课堂互动较少，需要进一步改进。',2,'2026-01-14 09:38:45'),(2180,46,23253331,'教学态度和效果都有待提高，希望后续能有所改进。',1,'2026-01-14 09:38:45'),(2181,46,79884221,'教学认真负责，讲解清晰，课堂互动性强，收获很大。',5,'2026-01-14 09:38:45'),(2182,46,28629128,'教学态度和效果都有待提高，希望后续能有所改进。',1,'2026-01-14 09:38:45'),(2183,46,40508697,'整体教学效果很好，课程安排合理，偶尔节奏稍快。',4,'2026-01-14 09:38:45'),(2184,46,57903308,'教学内容中规中矩，能够完成教学任务，但亮点不多。',3,'2026-01-14 09:38:45'),(2185,46,83768047,'讲课条理清楚，作业反馈及时，有一定启发性。',4,'2026-01-14 09:38:45'),(2186,47,40508697,'讲课条理清楚，作业反馈及时，有一定启发性。',4,'2026-01-14 09:38:45'),(2187,47,18463947,'专业水平很高，对问题的分析深入浅出，是非常优秀的老师。',5,'2026-01-14 09:38:45'),(2188,47,53415315,'专业水平很高，对问题的分析深入浅出，是非常优秀的老师。',5,'2026-01-14 09:38:45'),(2189,47,25562524,'教学认真负责，讲解清晰，课堂互动性强，收获很大。',5,'2026-01-14 09:38:45'),(2190,47,50693310,'教学认真负责，讲解清晰，课堂互动性强，收获很大。',5,'2026-01-14 09:38:45'),(2191,47,30485380,'课程体验较差，内容安排混乱，收获不大。',1,'2026-01-14 09:38:45'),(2192,47,34566470,'教学方式较为单一，部分知识点讲解不清晰。',2,'2026-01-14 09:38:45'),(2193,47,67555985,'教学认真负责，讲解清晰，课堂互动性强，收获很大。',5,'2026-01-14 09:38:45'),(2194,47,51909385,'讲课条理清楚，作业反馈及时，有一定启发性。',4,'2026-01-14 09:38:45'),(2195,47,31624971,'教学内容中规中矩，能够完成教学任务，但亮点不多。',3,'2026-01-14 09:38:45'),(2196,48,81052176,'整体教学效果很好，课程安排合理，偶尔节奏稍快。',4,'2026-01-14 09:38:45'),(2197,48,50693310,'讲解不够细致，课堂互动较少，需要进一步改进。',2,'2026-01-14 09:38:45'),(2198,48,19102315,'课程体验较差，内容安排混乱，收获不大。',1,'2026-01-14 09:38:45'),(2199,48,67555985,'教学态度和效果都有待提高，希望后续能有所改进。',1,'2026-01-14 09:38:45'),(2200,48,15778859,'课程体验较差，内容安排混乱，收获不大。',1,'2026-01-14 09:38:45'),(2201,48,73164891,'教学认真负责，讲解清晰，课堂互动性强，收获很大。',5,'2026-01-14 09:38:45'),(2202,48,34150575,'教学方式较为单一，部分知识点讲解不清晰。',2,'2026-01-14 09:38:45'),(2203,48,49847588,'讲解不够细致，课堂互动较少，需要进一步改进。',2,'2026-01-14 09:38:45'),(2204,48,59431087,'专业水平很高，对问题的分析深入浅出，是非常优秀的老师。',5,'2026-01-14 09:38:45'),(2205,48,48154285,'课程体验较差，内容安排混乱，收获不大。',1,'2026-01-14 09:38:45'),(2206,48,26670979,'课程体验较差，内容安排混乱，收获不大。',1,'2026-01-14 09:38:45'),(2207,49,22420487,'教学内容中规中矩，能够完成教学任务，但亮点不多。',3,'2026-01-14 09:38:45'),(2208,49,53415315,'课程体验较差，内容安排混乱，收获不大。',1,'2026-01-14 09:38:45'),(2209,49,21657127,'教学方式较为单一，部分知识点讲解不清晰。',2,'2026-01-14 09:38:45'),(2210,49,76341026,'讲解不够细致，课堂互动较少，需要进一步改进。',2,'2026-01-14 09:38:45'),(2211,49,62764317,'专业水平很高，对问题的分析深入浅出，是非常优秀的老师。',5,'2026-01-14 09:38:45'),(2212,49,59431087,'教学方式较为单一，部分知识点讲解不清晰。',2,'2026-01-14 09:38:45'),(2213,49,73843850,'教学态度和效果都有待提高，希望后续能有所改进。',1,'2026-01-14 09:38:45'),(2214,49,52074376,'教学认真负责，讲解清晰，课堂互动性强，收获很大。',5,'2026-01-14 09:38:45'),(2215,49,78642735,'整体教学效果很好，课程安排合理，偶尔节奏稍快。',4,'2026-01-14 09:38:45'),(2216,49,88461764,'讲解不够细致，课堂互动较少，需要进一步改进。',2,'2026-01-14 09:38:45'),(2217,50,43712406,'专业水平很高，对问题的分析深入浅出，是非常优秀的老师。',5,'2026-01-14 09:38:45'),(2218,50,88461764,'课程体验较差，内容安排混乱，收获不大。',1,'2026-01-14 09:38:45'),(2219,50,22347072,'讲解不够细致，课堂互动较少，需要进一步改进。',2,'2026-01-14 09:38:45'),(2220,50,62614936,'课程较为基础，对部分同学帮助有限。',3,'2026-01-14 09:38:45'),(2221,50,20947196,'讲解不够细致，课堂互动较少，需要进一步改进。',2,'2026-01-14 09:38:45'),(2222,50,72214603,'教学方式较为单一，部分知识点讲解不清晰。',2,'2026-01-14 09:38:45'),(2223,50,42886706,'专业水平很高，对问题的分析深入浅出，是非常优秀的老师。',5,'2026-01-14 09:38:45'),(2224,50,23311413,'讲解不够细致，课堂互动较少，需要进一步改进。',2,'2026-01-14 09:38:45'),(2225,50,22675077,'整体教学效果很好，课程安排合理，偶尔节奏稍快。',4,'2026-01-14 09:38:45'),(2226,51,41115709,'整体教学效果很好，课程安排合理，偶尔节奏稍快。',4,'2026-01-14 09:38:45'),(2227,51,93850847,'教学认真负责，讲解清晰，课堂互动性强，收获很大。',5,'2026-01-14 09:38:45'),(2228,51,89953555,'讲课条理清楚，作业反馈及时，有一定启发性。',4,'2026-01-14 09:38:45'),(2229,51,88668306,'讲解不够细致，课堂互动较少，需要进一步改进。',2,'2026-01-14 09:38:45'),(2230,51,64704780,'教学认真负责，讲解清晰，课堂互动性强，收获很大。',5,'2026-01-14 09:38:45'),(2231,51,89349723,'讲解不够细致，课堂互动较少，需要进一步改进。',2,'2026-01-14 09:38:45'),(2232,51,83833488,'教学方式较为单一，部分知识点讲解不清晰。',2,'2026-01-14 09:38:45'),(2233,51,38488715,'整体教学效果很好，课程安排合理，偶尔节奏稍快。',4,'2026-01-14 09:38:45'),(2234,51,76341026,'专业水平很高，对问题的分析深入浅出，是非常优秀的老师。',5,'2026-01-14 09:38:45'),(2235,52,46799267,'教学方式较为单一，部分知识点讲解不清晰。',2,'2026-01-14 09:38:45'),(2236,52,62764317,'课程较为基础，对部分同学帮助有限。',3,'2026-01-14 09:38:45'),(2237,52,95862588,'讲课条理清楚，作业反馈及时，有一定启发性。',4,'2026-01-14 09:38:45'),(2238,52,62614936,'讲课条理清楚，作业反馈及时，有一定启发性。',4,'2026-01-14 09:38:45'),(2239,52,64704780,'讲课条理清楚，作业反馈及时，有一定启发性。',4,'2026-01-14 09:38:45'),(2240,52,43712406,'教学态度和效果都有待提高，希望后续能有所改进。',1,'2026-01-14 09:38:45'),(2241,52,52074376,'讲课条理清楚，作业反馈及时，有一定启发性。',4,'2026-01-14 09:38:45'),(2242,52,83002314,'教学认真负责，讲解清晰，课堂互动性强，收获很大。',5,'2026-01-14 09:38:45'),(2243,52,71092932,'教学方式较为单一，部分知识点讲解不清晰。',2,'2026-01-14 09:38:45'),(2244,52,26873717,'教学内容中规中矩，能够完成教学任务，但亮点不多。',3,'2026-01-14 09:38:45'),(2245,52,14704802,'讲课条理清楚，作业反馈及时，有一定启发性。',4,'2026-01-14 09:38:45'),(2246,53,89215531,'讲课条理清楚，作业反馈及时，有一定启发性。',4,'2026-01-14 09:38:45'),(2247,53,27301907,'教学内容中规中矩，能够完成教学任务，但亮点不多。',3,'2026-01-14 09:38:45'),(2248,53,73843850,'教学内容中规中矩，能够完成教学任务，但亮点不多。',3,'2026-01-14 09:38:45'),(2249,53,30485380,'专业水平很高，对问题的分析深入浅出，是非常优秀的老师。',5,'2026-01-14 09:38:45'),(2250,53,26736085,'教学内容中规中矩，能够完成教学任务，但亮点不多。',3,'2026-01-14 09:38:45'),(2251,53,62764317,'课程较为基础，对部分同学帮助有限。',3,'2026-01-14 09:38:45'),(2252,53,40029262,'讲解不够细致，课堂互动较少，需要进一步改进。',2,'2026-01-14 09:38:45'),(2253,53,53415315,'课程体验较差，内容安排混乱，收获不大。',1,'2026-01-14 09:38:45'),(2254,53,92424408,'讲课条理清楚，作业反馈及时，有一定启发性。',4,'2026-01-14 09:38:45'),(2255,53,17666163,'教学内容中规中矩，能够完成教学任务，但亮点不多。',3,'2026-01-14 09:38:45'),(2256,54,23311413,'讲课条理清楚，作业反馈及时，有一定启发性。',4,'2026-01-14 09:38:45'),(2257,54,16050183,'课程体验较差，内容安排混乱，收获不大。',1,'2026-01-14 09:38:45'),(2258,54,88668306,'讲课条理清楚，作业反馈及时，有一定启发性。',4,'2026-01-14 09:38:45'),(2259,54,23353098,'专业水平很高，对问题的分析深入浅出，是非常优秀的老师。',5,'2026-01-14 09:38:45'),(2260,54,80131888,'整体教学效果很好，课程安排合理，偶尔节奏稍快。',4,'2026-01-14 09:38:45'),(2261,54,59771995,'讲课条理清楚，作业反馈及时，有一定启发性。',4,'2026-01-14 09:38:45'),(2262,54,53415315,'教学认真负责，讲解清晰，课堂互动性强，收获很大。',5,'2026-01-14 09:38:45'),(2263,54,38488715,'专业水平很高，对问题的分析深入浅出，是非常优秀的老师。',5,'2026-01-14 09:38:45'),(2264,54,40029262,'整体教学效果很好，课程安排合理，偶尔节奏稍快。',4,'2026-01-14 09:38:45'),(2265,54,21657127,'教学内容中规中矩，能够完成教学任务，但亮点不多。',3,'2026-01-14 09:38:45'),(2266,55,78642735,'课程体验较差，内容安排混乱，收获不大。',1,'2026-01-14 09:38:45'),(2267,55,71092932,'讲课条理清楚，作业反馈及时，有一定启发性。',4,'2026-01-14 09:38:45'),(2268,55,19102315,'教学态度和效果都有待提高，希望后续能有所改进。',1,'2026-01-14 09:38:45'),(2269,55,64704780,'教学态度和效果都有待提高，希望后续能有所改进。',1,'2026-01-14 09:38:45'),(2270,55,26873717,'讲解不够细致，课堂互动较少，需要进一步改进。',2,'2026-01-14 09:38:45'),(2271,55,26736085,'整体教学效果很好，课程安排合理，偶尔节奏稍快。',4,'2026-01-14 09:38:45'),(2272,55,22420487,'教学认真负责，讲解清晰，课堂互动性强，收获很大。',5,'2026-01-14 09:38:45'),(2273,55,26670979,'课程体验较差，内容安排混乱，收获不大。',1,'2026-01-14 09:38:45'),(2274,55,46799267,'教学认真负责，讲解清晰，课堂互动性强，收获很大。',5,'2026-01-14 09:38:45'),(2275,56,61934567,'课程较为基础，对部分同学帮助有限。',3,'2026-01-14 09:38:45'),(2276,56,13268700,'教学内容中规中矩，能够完成教学任务，但亮点不多。',3,'2026-01-14 09:38:45'),(2277,56,60041388,'教学内容中规中矩，能够完成教学任务，但亮点不多。',3,'2026-01-14 09:38:45'),(2278,56,25562524,'整体教学效果很好，课程安排合理，偶尔节奏稍快。',4,'2026-01-14 09:38:45'),(2279,56,51909385,'课程体验较差，内容安排混乱，收获不大。',1,'2026-01-14 09:38:45'),(2280,56,16050183,'专业水平很高，对问题的分析深入浅出，是非常优秀的老师。',5,'2026-01-14 09:38:45'),(2281,56,91361528,'课程体验较差，内容安排混乱，收获不大。',1,'2026-01-14 09:38:45'),(2282,56,49847588,'教学内容中规中矩，能够完成教学任务，但亮点不多。',3,'2026-01-14 09:38:45'),(2283,56,98975891,'教学态度和效果都有待提高，希望后续能有所改进。',1,'2026-01-14 09:38:45'),(2284,57,95862588,'讲解不够细致，课堂互动较少，需要进一步改进。',2,'2026-01-14 09:38:45'),(2285,57,43712406,'课程较为基础，对部分同学帮助有限。',3,'2026-01-14 09:38:45'),(2286,57,60041388,'讲解不够细致，课堂互动较少，需要进一步改进。',2,'2026-01-14 09:38:45'),(2287,57,14704802,'讲解不够细致，课堂互动较少，需要进一步改进。',2,'2026-01-14 09:38:45'),(2288,57,32238038,'课程体验较差，内容安排混乱，收获不大。',1,'2026-01-14 09:38:45'),(2289,57,26283665,'讲解不够细致，课堂互动较少，需要进一步改进。',2,'2026-01-14 09:38:45'),(2290,57,59431087,'讲解不够细致，课堂互动较少，需要进一步改进。',2,'2026-01-14 09:38:45'),(2291,57,93850847,'讲解不够细致，课堂互动较少，需要进一步改进。',2,'2026-01-14 09:38:45'),(2292,57,98975891,'教学认真负责，讲解清晰，课堂互动性强，收获很大。',5,'2026-01-14 09:38:45'),(2293,57,83833488,'教学内容中规中矩，能够完成教学任务，但亮点不多。',3,'2026-01-14 09:38:45'),(2294,58,34566470,'课程体验较差，内容安排混乱，收获不大。',1,'2026-01-14 09:38:45'),(2295,58,80131888,'教学内容中规中矩，能够完成教学任务，但亮点不多。',3,'2026-01-14 09:38:45'),(2296,58,59771995,'教学方式较为单一，部分知识点讲解不清晰。',2,'2026-01-14 09:38:45'),(2297,58,16050183,'教学内容中规中矩，能够完成教学任务，但亮点不多。',3,'2026-01-14 09:38:45'),(2298,58,28629128,'整体教学效果很好，课程安排合理，偶尔节奏稍快。',4,'2026-01-14 09:38:45'),(2299,58,73843850,'教学认真负责，讲解清晰，课堂互动性强，收获很大。',5,'2026-01-14 09:38:45'),(2300,58,21851866,'专业水平很高，对问题的分析深入浅出，是非常优秀的老师。',5,'2026-01-14 09:38:45'),(2301,58,19102315,'整体教学效果很好，课程安排合理，偶尔节奏稍快。',4,'2026-01-14 09:38:45'),(2302,59,93850847,'教学态度和效果都有待提高，希望后续能有所改进。',1,'2026-01-14 09:38:45'),(2303,59,50693310,'讲课条理清楚，作业反馈及时，有一定启发性。',4,'2026-01-14 09:38:45'),(2304,59,32864161,'教学认真负责，讲解清晰，课堂互动性强，收获很大。',5,'2026-01-14 09:38:45'),(2305,59,26283665,'整体教学效果很好，课程安排合理，偶尔节奏稍快。',4,'2026-01-14 09:38:45'),(2306,59,71092932,'教学态度和效果都有待提高，希望后续能有所改进。',1,'2026-01-14 09:38:45'),(2307,59,22675077,'教学内容中规中矩，能够完成教学任务，但亮点不多。',3,'2026-01-14 09:38:45'),(2308,59,83002314,'专业水平很高，对问题的分析深入浅出，是非常优秀的老师。',5,'2026-01-14 09:38:45'),(2309,59,87822727,'教学内容中规中矩，能够完成教学任务，但亮点不多。',3,'2026-01-14 09:38:45'),(2310,59,83833488,'整体教学效果很好，课程安排合理，偶尔节奏稍快。',4,'2026-01-14 09:38:45'),(2311,59,21055574,'教学方式较为单一，部分知识点讲解不清晰。',2,'2026-01-14 09:38:45'),(2312,60,57903308,'讲解不够细致，课堂互动较少，需要进一步改进。',2,'2026-01-14 09:38:45'),(2313,60,26821149,'讲课条理清楚，作业反馈及时，有一定启发性。',4,'2026-01-14 09:38:45'),(2314,60,27301907,'教学认真负责，讲解清晰，课堂互动性强，收获很大。',5,'2026-01-14 09:38:45'),(2315,60,79884221,'讲课条理清楚，作业反馈及时，有一定启发性。',4,'2026-01-14 09:38:45'),(2316,60,92424408,'教学认真负责，讲解清晰，课堂互动性强，收获很大。',5,'2026-01-14 09:38:45'),(2317,60,95862588,'教学态度和效果都有待提高，希望后续能有所改进。',1,'2026-01-14 09:38:45'),(2318,60,96009989,'教学方式较为单一，部分知识点讲解不清晰。',2,'2026-01-14 09:38:45'),(2319,60,89953555,'教学内容中规中矩，能够完成教学任务，但亮点不多。',3,'2026-01-14 09:38:45'),(2320,60,49847588,'教学方式较为单一，部分知识点讲解不清晰。',2,'2026-01-14 09:38:45'),(2321,60,83833488,'教学态度和效果都有待提高，希望后续能有所改进。',1,'2026-01-14 09:38:45'),(2322,60,59771995,'专业水平很高，对问题的分析深入浅出，是非常优秀的老师。',5,'2026-01-14 09:38:45'),(2323,60,21851866,'专业水平很高，对问题的分析深入浅出，是非常优秀的老师。',5,'2026-01-14 09:38:45'),(2324,61,41115709,'课程较为基础，对部分同学帮助有限。',3,'2026-01-14 09:38:45'),(2325,61,21657127,'专业水平很高，对问题的分析深入浅出，是非常优秀的老师。',5,'2026-01-14 09:38:45'),(2326,61,20947196,'讲解不够细致，课堂互动较少，需要进一步改进。',2,'2026-01-14 09:38:45'),(2327,61,96009989,'教学认真负责，讲解清晰，课堂互动性强，收获很大。',5,'2026-01-14 09:38:45'),(2328,61,59431087,'讲解不够细致，课堂互动较少，需要进一步改进。',2,'2026-01-14 09:38:45'),(2329,61,22675077,'教学认真负责，讲解清晰，课堂互动性强，收获很大。',5,'2026-01-14 09:38:45'),(2330,61,62764317,'教学方式较为单一，部分知识点讲解不清晰。',2,'2026-01-14 09:38:45'),(2331,61,44190666,'专业水平很高，对问题的分析深入浅出，是非常优秀的老师。',5,'2026-01-14 09:38:45'),(2332,61,50693310,'教学态度和效果都有待提高，希望后续能有所改进。',1,'2026-01-14 09:38:45'),(2333,61,79884221,'课程体验较差，内容安排混乱，收获不大。',1,'2026-01-14 09:38:45'),(2334,61,59771995,'讲课条理清楚，作业反馈及时，有一定启发性。',4,'2026-01-14 09:38:45'),(2335,62,30485380,'教学方式较为单一，部分知识点讲解不清晰。',2,'2026-01-14 09:38:45'),(2336,62,60041388,'讲课条理清楚，作业反馈及时，有一定启发性。',4,'2026-01-14 09:38:45'),(2337,62,21657127,'教学方式较为单一，部分知识点讲解不清晰。',2,'2026-01-14 09:38:45'),(2338,62,95862588,'整体教学效果很好，课程安排合理，偶尔节奏稍快。',4,'2026-01-14 09:38:45'),(2339,62,21851866,'课程体验较差，内容安排混乱，收获不大。',1,'2026-01-14 09:38:45'),(2340,62,87464378,'专业水平很高，对问题的分析深入浅出，是非常优秀的老师。',5,'2026-01-14 09:38:45'),(2341,62,91361528,'讲课条理清楚，作业反馈及时，有一定启发性。',4,'2026-01-14 09:38:45'),(2342,62,16187539,'教学认真负责，讲解清晰，课堂互动性强，收获很大。',5,'2026-01-14 09:38:45'),(2343,63,76341026,'课程体验较差，内容安排混乱，收获不大。',1,'2026-01-14 09:38:45'),(2344,63,53415315,'课程体验较差，内容安排混乱，收获不大。',1,'2026-01-14 09:38:45'),(2345,63,22785332,'课程较为基础，对部分同学帮助有限。',3,'2026-01-14 09:38:45'),(2346,63,38903121,'专业水平很高，对问题的分析深入浅出，是非常优秀的老师。',5,'2026-01-14 09:38:45'),(2347,63,18396214,'整体教学效果很好，课程安排合理，偶尔节奏稍快。',4,'2026-01-14 09:38:45'),(2348,63,67555985,'教学态度和效果都有待提高，希望后续能有所改进。',1,'2026-01-14 09:38:45'),(2349,63,18463947,'课程较为基础，对部分同学帮助有限。',3,'2026-01-14 09:38:45'),(2350,63,26873717,'讲课条理清楚，作业反馈及时，有一定启发性。',4,'2026-01-14 09:38:45'),(2351,63,81052176,'教学认真负责，讲解清晰，课堂互动性强，收获很大。',5,'2026-01-14 09:38:45'),(2352,63,25562524,'讲解不够细致，课堂互动较少，需要进一步改进。',2,'2026-01-14 09:38:45'),(2353,63,22347072,'教学认真负责，讲解清晰，课堂互动性强，收获很大。',5,'2026-01-14 09:38:45'),(2354,63,78642735,'讲解不够细致，课堂互动较少，需要进一步改进。',2,'2026-01-14 09:38:45'),(2355,64,18396214,'讲解不够细致，课堂互动较少，需要进一步改进。',2,'2026-01-14 09:38:45'),(2356,64,89349723,'讲课条理清楚，作业反馈及时，有一定启发性。',4,'2026-01-14 09:38:45'),(2357,64,26736085,'专业水平很高，对问题的分析深入浅出，是非常优秀的老师。',5,'2026-01-14 09:38:45'),(2358,64,19102315,'教学认真负责，讲解清晰，课堂互动性强，收获很大。',5,'2026-01-14 09:38:45'),(2359,64,16050183,'整体教学效果很好，课程安排合理，偶尔节奏稍快。',4,'2026-01-14 09:38:45'),(2360,64,88668306,'整体教学效果很好，课程安排合理，偶尔节奏稍快。',4,'2026-01-14 09:38:45'),(2361,64,46799267,'教学方式较为单一，部分知识点讲解不清晰。',2,'2026-01-14 09:38:45'),(2362,64,49847588,'整体教学效果很好，课程安排合理，偶尔节奏稍快。',4,'2026-01-14 09:38:45'),(2363,64,18463947,'专业水平很高，对问题的分析深入浅出，是非常优秀的老师。',5,'2026-01-14 09:38:45'),(2364,64,61934567,'专业水平很高，对问题的分析深入浅出，是非常优秀的老师。',5,'2026-01-14 09:38:45'),(2365,65,50693310,'课程体验较差，内容安排混乱，收获不大。',1,'2026-01-14 09:38:45'),(2366,65,34566470,'课程较为基础，对部分同学帮助有限。',3,'2026-01-14 09:38:45'),(2367,65,22785332,'专业水平很高，对问题的分析深入浅出，是非常优秀的老师。',5,'2026-01-14 09:38:45'),(2368,65,49847588,'讲课条理清楚，作业反馈及时，有一定启发性。',4,'2026-01-14 09:38:45'),(2369,65,87464378,'专业水平很高，对问题的分析深入浅出，是非常优秀的老师。',5,'2026-01-14 09:38:45'),(2370,65,23253331,'讲解不够细致，课堂互动较少，需要进一步改进。',2,'2026-01-14 09:38:45'),(2371,65,23353098,'整体教学效果很好，课程安排合理，偶尔节奏稍快。',4,'2026-01-14 09:38:45'),(2372,65,18396214,'课程体验较差，内容安排混乱，收获不大。',1,'2026-01-14 09:38:45'),(2373,65,30485380,'课程体验较差，内容安排混乱，收获不大。',1,'2026-01-14 09:38:45'),(2374,66,81052176,'教学方式较为单一，部分知识点讲解不清晰。',2,'2026-01-14 09:38:45'),(2375,66,51909385,'教学认真负责，讲解清晰，课堂互动性强，收获很大。',5,'2026-01-14 09:38:45'),(2376,66,92424408,'专业水平很高，对问题的分析深入浅出，是非常优秀的老师。',5,'2026-01-14 09:38:45'),(2377,66,43712406,'教学态度和效果都有待提高，希望后续能有所改进。',1,'2026-01-14 09:38:45'),(2378,66,32238038,'教学方式较为单一，部分知识点讲解不清晰。',2,'2026-01-14 09:38:45'),(2379,66,67841650,'课程体验较差，内容安排混乱，收获不大。',1,'2026-01-14 09:38:45'),(2380,66,16187539,'讲课条理清楚，作业反馈及时，有一定启发性。',4,'2026-01-14 09:38:45'),(2381,66,87822727,'讲课条理清楚，作业反馈及时，有一定启发性。',4,'2026-01-14 09:38:45'),(2382,66,18396214,'专业水平很高，对问题的分析深入浅出，是非常优秀的老师。',5,'2026-01-14 09:38:45'),(2383,66,22347072,'教学方式较为单一，部分知识点讲解不清晰。',2,'2026-01-14 09:38:45'),(2384,66,96009989,'教学态度和效果都有待提高，希望后续能有所改进。',1,'2026-01-14 09:38:45'),(2385,67,72214603,'课程较为基础，对部分同学帮助有限。',3,'2026-01-14 09:38:45'),(2386,67,93850847,'专业水平很高，对问题的分析深入浅出，是非常优秀的老师。',5,'2026-01-14 09:38:45'),(2387,67,23353098,'课程较为基础，对部分同学帮助有限。',3,'2026-01-14 09:38:45'),(2388,67,92424408,'教学态度和效果都有待提高，希望后续能有所改进。',1,'2026-01-14 09:38:45'),(2389,67,76341026,'教学认真负责，讲解清晰，课堂互动性强，收获很大。',5,'2026-01-14 09:38:45'),(2390,67,32864161,'课程体验较差，内容安排混乱，收获不大。',1,'2026-01-14 09:38:45'),(2391,67,31624971,'教学态度和效果都有待提高，希望后续能有所改进。',1,'2026-01-14 09:38:45'),(2392,67,21657127,'整体教学效果很好，课程安排合理，偶尔节奏稍快。',4,'2026-01-14 09:38:45'),(2393,67,13268700,'课程体验较差，内容安排混乱，收获不大。',1,'2026-01-14 09:38:45'),(2394,68,34566470,'讲解不够细致，课堂互动较少，需要进一步改进。',2,'2026-01-14 09:38:45'),(2395,68,87464378,'教学内容中规中矩，能够完成教学任务，但亮点不多。',3,'2026-01-14 09:38:45'),(2396,68,80131888,'课程体验较差，内容安排混乱，收获不大。',1,'2026-01-14 09:38:45'),(2397,68,73843850,'课程体验较差，内容安排混乱，收获不大。',1,'2026-01-14 09:38:45'),(2398,68,23353098,'教学态度和效果都有待提高，希望后续能有所改进。',1,'2026-01-14 09:38:45'),(2399,68,13268700,'教学态度和效果都有待提高，希望后续能有所改进。',1,'2026-01-14 09:38:45'),(2400,68,46235136,'教学方式较为单一，部分知识点讲解不清晰。',2,'2026-01-14 09:38:45'),(2401,68,16050183,'讲课条理清楚，作业反馈及时，有一定启发性。',4,'2026-01-14 09:38:45'),(2402,68,26283665,'课程较为基础，对部分同学帮助有限。',3,'2026-01-14 09:38:45'),(2403,68,12775872,'教学方式较为单一，部分知识点讲解不清晰。',2,'2026-01-14 09:38:45'),(2404,68,38903121,'教学方式较为单一，部分知识点讲解不清晰。',2,'2026-01-14 09:38:45'),(2405,68,91361528,'教学认真负责，讲解清晰，课堂互动性强，收获很大。',5,'2026-01-14 09:38:45'),(2406,69,31624971,'专业水平很高，对问题的分析深入浅出，是非常优秀的老师。',5,'2026-01-14 09:38:45'),(2407,69,26873717,'教学内容中规中矩，能够完成教学任务，但亮点不多。',3,'2026-01-14 09:38:45'),(2408,69,34150575,'讲课条理清楚，作业反馈及时，有一定启发性。',4,'2026-01-14 09:38:45'),(2409,69,12775872,'教学方式较为单一，部分知识点讲解不清晰。',2,'2026-01-14 09:38:45'),(2410,69,88461764,'专业水平很高，对问题的分析深入浅出，是非常优秀的老师。',5,'2026-01-14 09:38:45'),(2411,69,16187539,'专业水平很高，对问题的分析深入浅出，是非常优秀的老师。',5,'2026-01-14 09:38:45'),(2412,69,89215531,'专业水平很高，对问题的分析深入浅出，是非常优秀的老师。',5,'2026-01-14 09:38:45'),(2413,69,46235136,'教学内容中规中矩，能够完成教学任务，但亮点不多。',3,'2026-01-14 09:38:45'),(2414,70,43712406,'专业水平很高，对问题的分析深入浅出，是非常优秀的老师。',5,'2026-01-14 09:38:45'),(2415,70,87822727,'讲课条理清楚，作业反馈及时，有一定启发性。',4,'2026-01-14 09:38:45'),(2416,70,41115709,'课程体验较差，内容安排混乱，收获不大。',1,'2026-01-14 09:38:45'),(2417,70,88461764,'专业水平很高，对问题的分析深入浅出，是非常优秀的老师。',5,'2026-01-14 09:38:45'),(2418,70,18463947,'课程较为基础，对部分同学帮助有限。',3,'2026-01-14 09:38:45'),(2419,70,51909385,'讲课条理清楚，作业反馈及时，有一定启发性。',4,'2026-01-14 09:38:45'),(2420,70,46235136,'教学方式较为单一，部分知识点讲解不清晰。',2,'2026-01-14 09:38:45'),(2421,70,23253331,'讲课条理清楚，作业反馈及时，有一定启发性。',4,'2026-01-14 09:38:45'),(2422,70,22347072,'教学认真负责，讲解清晰，课堂互动性强，收获很大。',5,'2026-01-14 09:38:45'),(2423,71,50693310,'教学认真负责，讲解清晰，课堂互动性强，收获很大。',5,'2026-01-14 09:38:45'),(2424,71,44190666,'教学认真负责，讲解清晰，课堂互动性强，收获很大。',5,'2026-01-14 09:38:45'),(2425,71,60041388,'讲解不够细致，课堂互动较少，需要进一步改进。',2,'2026-01-14 09:38:45'),(2426,71,64704780,'专业水平很高，对问题的分析深入浅出，是非常优秀的老师。',5,'2026-01-14 09:38:45'),(2427,71,26873717,'整体教学效果很好，课程安排合理，偶尔节奏稍快。',4,'2026-01-14 09:38:45'),(2428,71,30485380,'教学认真负责，讲解清晰，课堂互动性强，收获很大。',5,'2026-01-14 09:38:45'),(2429,71,67841650,'讲课条理清楚，作业反馈及时，有一定启发性。',4,'2026-01-14 09:38:45'),(2430,71,32238038,'讲课条理清楚，作业反馈及时，有一定启发性。',4,'2026-01-14 09:38:45'),(2431,71,51909385,'教学态度和效果都有待提高，希望后续能有所改进。',1,'2026-01-14 09:38:45'),(2432,71,32864161,'教学方式较为单一，部分知识点讲解不清晰。',2,'2026-01-14 09:38:45'),(2433,71,46799267,'教学态度和效果都有待提高，希望后续能有所改进。',1,'2026-01-14 09:38:45'),(2434,72,71092932,'课程体验较差，内容安排混乱，收获不大。',1,'2026-01-14 09:38:45'),(2435,72,14704802,'整体教学效果很好，课程安排合理，偶尔节奏稍快。',4,'2026-01-14 09:38:45'),(2436,72,26670979,'课程体验较差，内容安排混乱，收获不大。',1,'2026-01-14 09:38:45'),(2437,72,17666163,'教学态度和效果都有待提高，希望后续能有所改进。',1,'2026-01-14 09:38:45'),(2438,72,67555985,'讲解不够细致，课堂互动较少，需要进一步改进。',2,'2026-01-14 09:38:45'),(2439,72,40029262,'讲课条理清楚，作业反馈及时，有一定启发性。',4,'2026-01-14 09:38:45'),(2440,72,60041388,'专业水平很高，对问题的分析深入浅出，是非常优秀的老师。',5,'2026-01-14 09:38:45'),(2441,72,25562524,'讲解不够细致，课堂互动较少，需要进一步改进。',2,'2026-01-14 09:38:45'),(2442,72,81052176,'讲解不够细致，课堂互动较少，需要进一步改进。',2,'2026-01-14 09:38:45'),(2443,73,18396214,'教学态度和效果都有待提高，希望后续能有所改进。',1,'2026-01-14 09:38:45'),(2444,73,30485380,'专业水平很高，对问题的分析深入浅出，是非常优秀的老师。',5,'2026-01-14 09:38:45'),(2445,73,17666163,'讲解不够细致，课堂互动较少，需要进一步改进。',2,'2026-01-14 09:38:45'),(2446,73,50693310,'教学内容中规中矩，能够完成教学任务，但亮点不多。',3,'2026-01-14 09:38:45'),(2447,73,19102315,'教学内容中规中矩，能够完成教学任务，但亮点不多。',3,'2026-01-14 09:38:45'),(2448,73,49847588,'课程体验较差，内容安排混乱，收获不大。',1,'2026-01-14 09:38:45'),(2449,73,73843850,'教学内容中规中矩，能够完成教学任务，但亮点不多。',3,'2026-01-14 09:38:45'),(2450,73,22675077,'整体教学效果很好，课程安排合理，偶尔节奏稍快。',4,'2026-01-14 09:38:45'),(2451,73,26873717,'课程较为基础，对部分同学帮助有限。',3,'2026-01-14 09:38:45'),(2452,73,57903308,'教学态度和效果都有待提高，希望后续能有所改进。',1,'2026-01-14 09:38:45'),(2453,73,53415315,'课程体验较差，内容安排混乱，收获不大。',1,'2026-01-14 09:38:45'),(2454,74,87822727,'教学认真负责，讲解清晰，课堂互动性强，收获很大。',5,'2026-01-14 09:38:45'),(2455,74,93850847,'教学内容中规中矩，能够完成教学任务，但亮点不多。',3,'2026-01-14 09:38:45'),(2456,74,28629128,'课程体验较差，内容安排混乱，收获不大。',1,'2026-01-14 09:38:45'),(2457,74,73164891,'教学态度和效果都有待提高，希望后续能有所改进。',1,'2026-01-14 09:38:45'),(2458,74,44190666,'教学认真负责，讲解清晰，课堂互动性强，收获很大。',5,'2026-01-14 09:38:45'),(2459,74,89215531,'课程体验较差，内容安排混乱，收获不大。',1,'2026-01-14 09:38:45'),(2460,74,50693310,'专业水平很高，对问题的分析深入浅出，是非常优秀的老师。',5,'2026-01-14 09:38:45'),(2461,74,81052176,'讲解不够细致，课堂互动较少，需要进一步改进。',2,'2026-01-14 09:38:45'),(2462,75,81052176,'课程较为基础，对部分同学帮助有限。',3,'2026-01-14 09:38:45'),(2463,75,46235136,'教学态度和效果都有待提高，希望后续能有所改进。',1,'2026-01-14 09:38:45'),(2464,75,73843850,'专业水平很高，对问题的分析深入浅出，是非常优秀的老师。',5,'2026-01-14 09:38:45'),(2465,75,73164891,'专业水平很高，对问题的分析深入浅出，是非常优秀的老师。',5,'2026-01-14 09:38:45'),(2466,75,62764317,'讲课条理清楚，作业反馈及时，有一定启发性。',4,'2026-01-14 09:38:45'),(2467,75,78642735,'教学内容中规中矩，能够完成教学任务，但亮点不多。',3,'2026-01-14 09:38:45'),(2468,75,88668306,'教学方式较为单一，部分知识点讲解不清晰。',2,'2026-01-14 09:38:45'),(2469,75,16050183,'整体教学效果很好，课程安排合理，偶尔节奏稍快。',4,'2026-01-14 09:38:45'),(2470,75,28629128,'课程体验较差，内容安排混乱，收获不大。',1,'2026-01-14 09:38:45'),(2471,75,17666163,'整体教学效果很好，课程安排合理，偶尔节奏稍快。',4,'2026-01-14 09:38:45'),(2472,75,71092932,'讲解不够细致，课堂互动较少，需要进一步改进。',2,'2026-01-14 09:38:45'),(2473,75,89215531,'教学内容中规中矩，能够完成教学任务，但亮点不多。',3,'2026-01-14 09:38:45'),(2474,76,46235136,'教学态度和效果都有待提高，希望后续能有所改进。',1,'2026-01-14 09:38:45'),(2475,76,73164891,'教学态度和效果都有待提高，希望后续能有所改进。',1,'2026-01-14 09:38:45'),(2476,76,34566470,'教学方式较为单一，部分知识点讲解不清晰。',2,'2026-01-14 09:38:45'),(2477,76,22483420,'教学认真负责，讲解清晰，课堂互动性强，收获很大。',5,'2026-01-14 09:38:45'),(2478,76,44190666,'教学态度和效果都有待提高，希望后续能有所改进。',1,'2026-01-14 09:38:45'),(2479,76,93850847,'课程较为基础，对部分同学帮助有限。',3,'2026-01-14 09:38:45'),(2480,76,27301907,'教学认真负责，讲解清晰，课堂互动性强，收获很大。',5,'2026-01-14 09:38:45'),(2481,76,59771995,'讲解不够细致，课堂互动较少，需要进一步改进。',2,'2026-01-14 09:38:45'),(2482,76,21055574,'教学认真负责，讲解清晰，课堂互动性强，收获很大。',5,'2026-01-14 09:38:45'),(2483,76,83833488,'教学态度和效果都有待提高，希望后续能有所改进。',1,'2026-01-14 09:38:45'),(2484,76,25562524,'教学内容中规中矩，能够完成教学任务，但亮点不多。',3,'2026-01-14 09:38:45'),(2485,76,57903308,'专业水平很高，对问题的分析深入浅出，是非常优秀的老师。',5,'2026-01-14 09:38:45'),(2486,77,57903308,'专业水平很高，对问题的分析深入浅出，是非常优秀的老师。',5,'2026-01-14 09:38:45'),(2487,77,89349723,'教学认真负责，讲解清晰，课堂互动性强，收获很大。',5,'2026-01-14 09:38:45'),(2488,77,27250708,'专业水平很高，对问题的分析深入浅出，是非常优秀的老师。',5,'2026-01-14 09:38:45'),(2489,77,50693310,'教学方式较为单一，部分知识点讲解不清晰。',2,'2026-01-14 09:38:45'),(2490,77,22347072,'整体教学效果很好，课程安排合理，偶尔节奏稍快。',4,'2026-01-14 09:38:45'),(2491,77,22483420,'教学内容中规中矩，能够完成教学任务，但亮点不多。',3,'2026-01-14 09:38:45'),(2492,77,22675077,'教学内容中规中矩，能够完成教学任务，但亮点不多。',3,'2026-01-14 09:38:45'),(2493,77,46799267,'教学态度和效果都有待提高，希望后续能有所改进。',1,'2026-01-14 09:38:45'),(2494,77,26283665,'教学内容中规中矩，能够完成教学任务，但亮点不多。',3,'2026-01-14 09:38:45'),(2495,77,23353098,'教学内容中规中矩，能够完成教学任务，但亮点不多。',3,'2026-01-14 09:38:45'),(2496,78,26736085,'整体教学效果很好，课程安排合理，偶尔节奏稍快。',4,'2026-01-14 09:38:45'),(2497,78,23353098,'教学内容中规中矩，能够完成教学任务，但亮点不多。',3,'2026-01-14 09:38:45'),(2498,78,42886706,'课程较为基础，对部分同学帮助有限。',3,'2026-01-14 09:38:45'),(2499,78,21851866,'课程较为基础，对部分同学帮助有限。',3,'2026-01-14 09:38:45'),(2500,78,28629128,'课程较为基础，对部分同学帮助有限。',3,'2026-01-14 09:38:45'),(2501,78,21055574,'整体教学效果很好，课程安排合理，偶尔节奏稍快。',4,'2026-01-14 09:38:45'),(2502,78,62614936,'课程较为基础，对部分同学帮助有限。',3,'2026-01-14 09:38:45'),(2503,78,22347072,'专业水平很高，对问题的分析深入浅出，是非常优秀的老师。',5,'2026-01-14 09:38:45'),(2504,78,14704802,'专业水平很高，对问题的分析深入浅出，是非常优秀的老师。',5,'2026-01-14 09:38:45'),(2505,79,72214603,'整体教学效果很好，课程安排合理，偶尔节奏稍快。',4,'2026-01-14 09:38:45'),(2506,79,40029262,'整体教学效果很好，课程安排合理，偶尔节奏稍快。',4,'2026-01-14 09:38:45'),(2507,79,19102315,'教学认真负责，讲解清晰，课堂互动性强，收获很大。',5,'2026-01-14 09:38:45'),(2508,79,34150575,'教学内容中规中矩，能够完成教学任务，但亮点不多。',3,'2026-01-14 09:38:45'),(2509,79,23353098,'教学内容中规中矩，能够完成教学任务，但亮点不多。',3,'2026-01-14 09:38:45'),(2510,79,95862588,'课程较为基础，对部分同学帮助有限。',3,'2026-01-14 09:38:45'),(2511,79,60041388,'讲解不够细致，课堂互动较少，需要进一步改进。',2,'2026-01-14 09:38:45'),(2512,79,13268700,'教学认真负责，讲解清晰，课堂互动性强，收获很大。',5,'2026-01-14 09:38:45'),(2513,79,83833488,'整体教学效果很好，课程安排合理，偶尔节奏稍快。',4,'2026-01-14 09:38:45'),(2514,80,73164891,'教学内容中规中矩，能够完成教学任务，但亮点不多。',3,'2026-01-14 09:38:45'),(2515,80,71092932,'教学态度和效果都有待提高，希望后续能有所改进。',1,'2026-01-14 09:38:45'),(2516,80,15778859,'教学态度和效果都有待提高，希望后续能有所改进。',1,'2026-01-14 09:38:45'),(2517,80,40029262,'讲解不够细致，课堂互动较少，需要进一步改进。',2,'2026-01-14 09:38:45'),(2518,80,31624971,'教学态度和效果都有待提高，希望后续能有所改进。',1,'2026-01-14 09:38:45'),(2519,80,18396214,'教学方式较为单一，部分知识点讲解不清晰。',2,'2026-01-14 09:38:45'),(2520,80,64704780,'教学方式较为单一，部分知识点讲解不清晰。',2,'2026-01-14 09:38:45'),(2521,80,30485380,'专业水平很高，对问题的分析深入浅出，是非常优秀的老师。',5,'2026-01-14 09:38:45'),(2522,81,60041388,'教学内容中规中矩，能够完成教学任务，但亮点不多。',3,'2026-01-14 09:38:45'),(2523,81,96009989,'教学方式较为单一，部分知识点讲解不清晰。',2,'2026-01-14 09:38:45'),(2524,81,26670979,'专业水平很高，对问题的分析深入浅出，是非常优秀的老师。',5,'2026-01-14 09:38:45'),(2525,81,73843850,'教学内容中规中矩，能够完成教学任务，但亮点不多。',3,'2026-01-14 09:38:45'),(2526,81,23253331,'讲解不够细致，课堂互动较少，需要进一步改进。',2,'2026-01-14 09:38:45'),(2527,81,57903308,'课程较为基础，对部分同学帮助有限。',3,'2026-01-14 09:38:45'),(2528,81,22675077,'教学态度和效果都有待提高，希望后续能有所改进。',1,'2026-01-14 09:38:45'),(2529,81,22347072,'整体教学效果很好，课程安排合理，偶尔节奏稍快。',4,'2026-01-14 09:38:45'),(2530,81,88461764,'课程体验较差，内容安排混乱，收获不大。',1,'2026-01-14 09:38:45'),(2531,81,80131888,'整体教学效果很好，课程安排合理，偶尔节奏稍快。',4,'2026-01-14 09:38:45'),(2532,82,22785332,'课程较为基础，对部分同学帮助有限。',3,'2026-01-14 09:38:45'),(2533,82,41115709,'专业水平很高，对问题的分析深入浅出，是非常优秀的老师。',5,'2026-01-14 09:38:45'),(2534,82,61934567,'教学内容中规中矩，能够完成教学任务，但亮点不多。',3,'2026-01-14 09:38:45'),(2535,82,26283665,'教学内容中规中矩，能够完成教学任务，但亮点不多。',3,'2026-01-14 09:38:45'),(2536,82,49847588,'专业水平很高，对问题的分析深入浅出，是非常优秀的老师。',5,'2026-01-14 09:38:45'),(2537,82,38903121,'专业水平很高，对问题的分析深入浅出，是非常优秀的老师。',5,'2026-01-14 09:38:45'),(2538,82,83768047,'专业水平很高，对问题的分析深入浅出，是非常优秀的老师。',5,'2026-01-14 09:38:45'),(2539,82,27250708,'讲解不够细致，课堂互动较少，需要进一步改进。',2,'2026-01-14 09:38:45'),(2540,82,91361528,'讲课条理清楚，作业反馈及时，有一定启发性。',4,'2026-01-14 09:38:45'),(2541,83,80131888,'课程体验较差，内容安排混乱，收获不大。',1,'2026-01-14 09:38:45'),(2542,83,46799267,'专业水平很高，对问题的分析深入浅出，是非常优秀的老师。',5,'2026-01-14 09:38:45'),(2543,83,13268700,'专业水平很高，对问题的分析深入浅出，是非常优秀的老师。',5,'2026-01-14 09:38:45'),(2544,83,52074376,'课程较为基础，对部分同学帮助有限。',3,'2026-01-14 09:38:45'),(2545,83,67555985,'课程较为基础，对部分同学帮助有限。',3,'2026-01-14 09:38:45'),(2546,83,18396214,'教学方式较为单一，部分知识点讲解不清晰。',2,'2026-01-14 09:38:45'),(2547,83,89953555,'讲课条理清楚，作业反馈及时，有一定启发性。',4,'2026-01-14 09:38:45'),(2548,83,21055574,'课程体验较差，内容安排混乱，收获不大。',1,'2026-01-14 09:38:45'),(2549,84,19102315,'教学认真负责，讲解清晰，课堂互动性强，收获很大。',5,'2026-01-14 09:38:45'),(2550,84,38903121,'课程体验较差，内容安排混乱，收获不大。',1,'2026-01-14 09:38:45'),(2551,84,62764317,'整体教学效果很好，课程安排合理，偶尔节奏稍快。',4,'2026-01-14 09:38:45'),(2552,84,23353098,'教学认真负责，讲解清晰，课堂互动性强，收获很大。',5,'2026-01-14 09:38:45'),(2553,84,21851866,'课程较为基础，对部分同学帮助有限。',3,'2026-01-14 09:38:45'),(2554,84,89056370,'教学态度和效果都有待提高，希望后续能有所改进。',1,'2026-01-14 09:38:45'),(2555,84,27250708,'教学方式较为单一，部分知识点讲解不清晰。',2,'2026-01-14 09:38:45'),(2556,84,74167723,'教学认真负责，讲解清晰，课堂互动性强，收获很大。',5,'2026-01-14 09:38:45'),(2557,84,57903308,'专业水平很高，对问题的分析深入浅出，是非常优秀的老师。',5,'2026-01-14 09:38:45'),(2558,84,51909385,'讲课条理清楚，作业反馈及时，有一定启发性。',4,'2026-01-14 09:38:45'),(2559,84,59431087,'教学方式较为单一，部分知识点讲解不清晰。',2,'2026-01-14 09:38:45'),(2560,85,72214603,'教学方式较为单一，部分知识点讲解不清晰。',2,'2026-01-14 09:38:45'),(2561,85,32864161,'教学认真负责，讲解清晰，课堂互动性强，收获很大。',5,'2026-01-14 09:38:45'),(2562,85,26670979,'专业水平很高，对问题的分析深入浅出，是非常优秀的老师。',5,'2026-01-14 09:38:45'),(2563,85,23311413,'讲解不够细致，课堂互动较少，需要进一步改进。',2,'2026-01-14 09:38:45'),(2564,85,26736085,'讲课条理清楚，作业反馈及时，有一定启发性。',4,'2026-01-14 09:38:45'),(2565,85,81052176,'讲课条理清楚，作业反馈及时，有一定启发性。',4,'2026-01-14 09:38:45'),(2566,85,87464378,'课程体验较差，内容安排混乱，收获不大。',1,'2026-01-14 09:38:45'),(2567,85,26873717,'教学态度和效果都有待提高，希望后续能有所改进。',1,'2026-01-14 09:38:45'),(2568,85,61934567,'课程体验较差，内容安排混乱，收获不大。',1,'2026-01-14 09:38:45'),(2569,85,53415315,'讲解不够细致，课堂互动较少，需要进一步改进。',2,'2026-01-14 09:38:45'),(2570,85,27250708,'讲解不够细致，课堂互动较少，需要进一步改进。',2,'2026-01-14 09:38:45'),(2571,85,12775872,'教学内容中规中矩，能够完成教学任务，但亮点不多。',3,'2026-01-14 09:38:45'),(2572,86,59771995,'教学认真负责，讲解清晰，课堂互动性强，收获很大。',5,'2026-01-14 09:38:45'),(2573,86,62614936,'教学方式较为单一，部分知识点讲解不清晰。',2,'2026-01-14 09:38:45'),(2574,86,61934567,'讲解不够细致，课堂互动较少，需要进一步改进。',2,'2026-01-14 09:38:45'),(2575,86,41115709,'讲解不够细致，课堂互动较少，需要进一步改进。',2,'2026-01-14 09:38:45'),(2576,86,42886706,'专业水平很高，对问题的分析深入浅出，是非常优秀的老师。',5,'2026-01-14 09:38:45'),(2577,86,71092932,'教学认真负责，讲解清晰，课堂互动性强，收获很大。',5,'2026-01-14 09:38:45'),(2578,86,43712406,'教学内容中规中矩，能够完成教学任务，但亮点不多。',3,'2026-01-14 09:38:45'),(2579,86,23311413,'讲解不够细致，课堂互动较少，需要进一步改进。',2,'2026-01-14 09:38:45'),(2580,87,28629128,'教学方式较为单一，部分知识点讲解不清晰。',2,'2026-01-14 09:38:45'),(2581,87,23253331,'教学认真负责，讲解清晰，课堂互动性强，收获很大。',5,'2026-01-14 09:38:45'),(2582,87,44190666,'教学认真负责，讲解清晰，课堂互动性强，收获很大。',5,'2026-01-14 09:38:45'),(2583,87,79884221,'教学内容中规中矩，能够完成教学任务，但亮点不多。',3,'2026-01-14 09:38:45'),(2584,87,34150575,'教学认真负责，讲解清晰，课堂互动性强，收获很大。',5,'2026-01-14 09:38:45'),(2585,87,62764317,'整体教学效果很好，课程安排合理，偶尔节奏稍快。',4,'2026-01-14 09:38:45'),(2586,87,16187539,'教学认真负责，讲解清晰，课堂互动性强，收获很大。',5,'2026-01-14 09:38:45'),(2587,87,59431087,'教学态度和效果都有待提高，希望后续能有所改进。',1,'2026-01-14 09:38:45'),(2588,87,50693310,'整体教学效果很好，课程安排合理，偶尔节奏稍快。',4,'2026-01-14 09:38:45'),(2589,87,12775872,'教学方式较为单一，部分知识点讲解不清晰。',2,'2026-01-14 09:38:45'),(2590,87,83768047,'课程较为基础，对部分同学帮助有限。',3,'2026-01-14 09:38:45'),(2591,87,95862588,'整体教学效果很好，课程安排合理，偶尔节奏稍快。',4,'2026-01-14 09:38:45'),(2592,88,48154285,'教学内容中规中矩，能够完成教学任务，但亮点不多。',3,'2026-01-14 09:38:45'),(2593,88,28629128,'教学态度和效果都有待提高，希望后续能有所改进。',1,'2026-01-14 09:38:45'),(2594,88,25562524,'整体教学效果很好，课程安排合理，偶尔节奏稍快。',4,'2026-01-14 09:38:45'),(2595,88,74167723,'课程体验较差，内容安排混乱，收获不大。',1,'2026-01-14 09:38:45'),(2596,88,23353098,'教学内容中规中矩，能够完成教学任务，但亮点不多。',3,'2026-01-14 09:38:45'),(2597,88,49847588,'教学方式较为单一，部分知识点讲解不清晰。',2,'2026-01-14 09:38:45'),(2598,88,73843850,'课程体验较差，内容安排混乱，收获不大。',1,'2026-01-14 09:38:45'),(2599,88,40029262,'课程较为基础，对部分同学帮助有限。',3,'2026-01-14 09:38:45'),(2600,88,22420487,'专业水平很高，对问题的分析深入浅出，是非常优秀的老师。',5,'2026-01-14 09:38:45'),(2601,88,88668306,'课程较为基础，对部分同学帮助有限。',3,'2026-01-14 09:38:45'),(2602,89,46235136,'整体教学效果很好，课程安排合理，偶尔节奏稍快。',4,'2026-01-14 09:38:45'),(2603,89,83002314,'讲解不够细致，课堂互动较少，需要进一步改进。',2,'2026-01-14 09:38:45'),(2604,89,73164891,'教学内容中规中矩，能够完成教学任务，但亮点不多。',3,'2026-01-14 09:38:45'),(2605,89,57903308,'讲解不够细致，课堂互动较少，需要进一步改进。',2,'2026-01-14 09:38:45'),(2606,89,67555985,'讲课条理清楚，作业反馈及时，有一定启发性。',4,'2026-01-14 09:38:45'),(2607,89,34566470,'专业水平很高，对问题的分析深入浅出，是非常优秀的老师。',5,'2026-01-14 09:38:45'),(2608,89,88668306,'整体教学效果很好，课程安排合理，偶尔节奏稍快。',4,'2026-01-14 09:38:45'),(2609,89,18396214,'教学方式较为单一，部分知识点讲解不清晰。',2,'2026-01-14 09:38:45'),(2610,89,89953555,'专业水平很高，对问题的分析深入浅出，是非常优秀的老师。',5,'2026-01-14 09:38:45'),(2611,89,62614936,'教学认真负责，讲解清晰，课堂互动性强，收获很大。',5,'2026-01-14 09:38:45'),(2612,NULL,96009989,'专业水平很高，对问题的分析深入浅出，是非常优秀的老师。',5,'2026-01-14 09:38:45'),(2613,NULL,53415315,'课程体验较差，内容安排混乱，收获不大。',1,'2026-01-14 09:38:45'),(2614,NULL,89953555,'教学内容中规中矩，能够完成教学任务，但亮点不多。',3,'2026-01-14 09:38:45'),(2615,NULL,73843850,'整体教学效果很好，课程安排合理，偶尔节奏稍快。',4,'2026-01-14 09:38:45'),(2616,NULL,92424408,'课程体验较差，内容安排混乱，收获不大。',1,'2026-01-14 09:38:45'),(2617,NULL,15778859,'课程体验较差，内容安排混乱，收获不大。',1,'2026-01-14 09:38:45'),(2618,NULL,40508697,'教学认真负责，讲解清晰，课堂互动性强，收获很大。',5,'2026-01-14 09:38:45'),(2619,NULL,19102315,'教学态度和效果都有待提高，希望后续能有所改进。',1,'2026-01-14 09:38:45'),(2620,NULL,44190666,'教学态度和效果都有待提高，希望后续能有所改进。',1,'2026-01-14 09:38:45'),(2621,NULL,91361528,'教学态度和效果都有待提高，希望后续能有所改进。',1,'2026-01-14 09:38:45'),(2622,NULL,87822727,'专业水平很高，对问题的分析深入浅出，是非常优秀的老师。',5,'2026-01-14 09:38:45');
/*!40000 ALTER TABLE `comments` ENABLE KEYS */;
UNLOCK TABLES;

--
-- Table structure for table `teachers`
--

DROP TABLE IF EXISTS `teachers`;
/*!40101 SET @saved_cs_client     = @@character_set_client */;
/*!50503 SET character_set_client = utf8mb4 */;
CREATE TABLE `teachers` (
  `work_id` int NOT NULL,
  `name` varchar(50) NOT NULL,
  `gender` enum('男','女','性别') DEFAULT NULL,
  `school` varchar(50) CHARACTER SET utf8mb4 COLLATE utf8mb4_0900_ai_ci DEFAULT NULL,
  `title` varchar(50) CHARACTER SET utf8mb4 COLLATE utf8mb4_0900_ai_ci DEFAULT NULL,
  PRIMARY KEY (`work_id`)
) ENGINE=InnoDB DEFAULT CHARSET=utf8mb4 COLLATE=utf8mb4_0900_ai_ci COMMENT='教师表，存储教师信息';
/*!40101 SET character_set_client = @saved_cs_client */;

--
-- Dumping data for table `teachers`
--

LOCK TABLES `teachers` WRITE;
/*!40000 ALTER TABLE `teachers` DISABLE KEYS */;
INSERT INTO `teachers` VALUES (12775872,'Spike','男','商学与管理学院','副教授'),(13268700,'Anechka','女','公共卫生学院','副教授'),(14704802,'Waru','男','马克思主义学院','副教授'),(15778859,'Benny','男','建设工程学院','教授'),(16050183,'Eddie','男','仪器科学与电气工程学院','副教授'),(16187539,'Meenisha','男','生命科学学院','副教授'),(17666163,'Dani','女','计算机科学与技术学院','副教授'),(18396214,'Bryn','男','建设工程学院','讲师'),(18463947,'Tyler Morgan','女','汽车工程学院','教授'),(19102315,'Brooke Burke','男','仪器科学与电气工程学院','副教授'),(20947196,'Chase','女','动物医学学院','教授'),(21055574,'Medusa','女','通信工程学院','讲师'),(21657127,'Jewels','男','公共卫生学院','讲师'),(21851866,'TJ','男','马克思主义学院','教授'),(22347072,'Rydell','男','通信工程学院','讲师'),(22420487,'Shinmizu','女','药学院','讲师'),(22483420,'Dante','男','东北亚学院','副教授'),(22675077,'Ferro','女','哲学社会学院','教授'),(22785332,'Manu','女','仪器科学与电气工程学院','副教授'),(23253331,'Maya','女','基础医学院新能源与环境学院','教授'),(23311413,'Viggo','女','物理学院','讲师'),(23353098,'Lina Navarro','男','东北亚学院','副教授'),(25562524,'Webster','女','仪器科学与电气工程学院','教授'),(26283665,'Alec','女','基础医学院新能源与环境学院','教授'),(26670979,'Jessica Miller','女','建设工程学院','教授'),(26736085,'Razor','男','通信工程学院','教授'),(26821149,'Monica','男','法学院','教授'),(26873717,'Ken Block','女','计算机科学与技术学院','讲师'),(27250708,'Nikita','男','软件学院','副教授'),(27301907,'Eleonore','男','公共卫生学院','教授'),(28629128,'Justicia','男','艺术学院','副教授'),(30485380,'Kurt','女','商学与管理学院','副教授'),(31624971,'Marcus Weir','女','仪器科学与电气工程学院','副教授'),(32238038,'Izzy','女','交通学院','副教授'),(32864161,'Bru','男','基础医学院新能源与环境学院','讲师'),(34150575,'Vaughn Gittin','女','化学学院','副教授'),(34566470,'JV','女','动物医学学院','副教授'),(38488715,'Chilton','女','外国语言文化学院','教授'),(38903121,'Akira Nakai','女','计算机科学与技术学院','讲师'),(40029262,'Richie','男','艺术学院','讲师'),(40508697,'Lyric','女','外国语言文化学院','教授'),(41115709,'Travis','男','文学院','教授'),(42886706,'Ravindra Chaudhry','女','生命科学学院','讲师'),(43712406,'Yaz','男','仪器科学与电气工程学院','讲师'),(44190666,'Sean McAlister','男','艺术学院','教授'),(46235136,'Ryo Watanabe','男','物理学院','教授'),(46799267,'Jerry','女','公共卫生学院','副教授'),(48154285,'Sparky','男','考古学院','讲师'),(49847588,'Magnus Walker','男','通信工程学院','教授'),(50693310,'Anna Rivera','女','文学院','教授'),(51909385,'Bridlet','男','文学院','讲师'),(52074376,'Baron','男','艺术学院','教授'),(53415315,'Boost','男','东北亚学院','讲师'),(57903308,'Chad','男','考古学院','讲师'),(59431087,'Harlow','女','公共卫生学院','教授'),(59771995,'Big Lou','男','商学与管理学院','讲师'),(60041388,'Bull','女','文学院','讲师'),(61934567,'Julia','女','商学与管理学院','副教授'),(62614936,'Dino','女','基础医学院新能源与环境学院','副教授'),(62764317,'Youmna','女','马克思主义学院','教授'),(64704780,'Ross','男','药学院','讲师'),(67555985,'Lucas Rivera','男','护理学院','讲师'),(67841650,'A$AP Rocky','女','电子科学与工程学院','副教授'),(71092932,'Ozzy','女','哲学社会学院','副教授'),(72214603,'Obi','女','交通学院','教授'),(73164891,'Cha Cha','女','商学与管理学院','副教授'),(73843850,'Morgan Stevenson','男','公共卫生学院','副教授'),(74167723,'Fredric Aasbo','男','外国语言文化学院','副教授'),(76341026,'Tobey','女','外国语言文化学院','副教授'),(78642735,'Bit','女','基础医学院新能源与环境学院','教授'),(79884221,'Robyn','男','通信工程学院','教授'),(80131888,'2440','女','艺术学院','副教授'),(81052176,'Sonny','女','植物科学学院','副教授'),(83002314,'Frank Mercer','女','地球科学学院','教授'),(83768047,'Anita','男','物理学院','讲师'),(83833488,'Hiroshi Fujiwara','女','物理学院','教授'),(87464378,'Sam Harper','男','护理学院','教授'),(87822727,'Ming','女','仪器科学与电气工程学院','讲师'),(88461764,'Shinichi Morohoshi','女','软件学院','副教授'),(88668306,'Jack Rourke','男','文学院','讲师'),(89056370,'Holden Parker Ⅲ','女','文学院','教授'),(89215531,'Maddox','女','化学学院','副教授'),(89349723,'Icaro','男','动物医学学院','讲师'),(89953555,'Todd','男','马克思主义学院','讲师'),(91361528,'Danny Shaw','男','仪器科学与电气工程学院','教授'),(92424408,'Rudiger','男','计算机科学与技术学院','教授'),(93850847,'Samantha','女','体育学院','教授'),(95862588,'Ronnie','男','哲学社会学院','教授'),(96009989,'Dal-Rae','男','基础医学院新能源与环境学院','讲师'),(98975891,'Ryan Cooper','女','软件学院','教授');
/*!40000 ALTER TABLE `teachers` ENABLE KEYS */;
UNLOCK TABLES;

--
-- Table structure for table `users`
--

DROP TABLE IF EXISTS `users`;
/*!40101 SET @saved_cs_client     = @@character_set_client */;
/*!50503 SET character_set_client = utf8mb4 */;
CREATE TABLE `users` (
  `user_id` int NOT NULL AUTO_INCREMENT,
  `username` varchar(50) NOT NULL,
  `password` varchar(255) NOT NULL,
  `role` varchar(10) CHARACTER SET utf8mb4 COLLATE utf8mb4_0900_ai_ci DEFAULT '注册用户',
  `email` varchar(100) CHARACTER SET utf8mb4 COLLATE utf8mb4_0900_ai_ci NOT NULL,
  PRIMARY KEY (`user_id`),
  UNIQUE KEY `users_email_IDX` (`email`) USING BTREE
) ENGINE=InnoDB AUTO_INCREMENT=144 DEFAULT CHARSET=utf8mb4 COLLATE=utf8mb4_0900_ai_ci COMMENT='用户表，登录认证';
/*!40101 SET character_set_client = @saved_cs_client */;

--
-- Dumping data for table `users`
--

LOCK TABLES `users` WRITE;
/*!40000 ALTER TABLE `users` DISABLE KEYS */;
INSERT INTO `users` VALUES (1,'Qiu','uza0SDshCNEk','注册用户','CvK3xHqdJR@qq.com'),(2,'Ty','fW2gamUls9bK','注册用户','1GEA35D@163.com'),(3,'Jess','pNiG93SMlQnx','注册用户','6aaUN@163.com'),(4,'Mac','pbGoSWHgAHRO','注册用户','VdaCA6l@outlook.com'),(5,'Rav','W18kz0hh410D','注册用户','yHVpE4daQg@qq.com'),(6,'Lina','AGuPJbSXDtVW','注册用户','u1z01wbU@163.com'),(7,'Gambler','ziTq0IF5LRvZ','注册用户','3E2rsHLncH@qq.com'),(8,'Razor','IV4gZi3GkFpu','注册用户','UYNs6UduO7@163.com'),(9,'Bull','WbD5MwVh90L9','注册用户','ybbKD@qq.com'),(10,'Ronnie','f0n0VqqYvJP8','注册用户','kFd5dR3M@gmail.com'),(11,'Webster','f8TwHHUqWu5w','注册用户','zE4dpcwD@outlook.com'),(12,'Ming','X15eDH8VFUvx','注册用户','YP8HepJ@gmail.com'),(13,'JV','N6Q4lkmRoaDO','注册用户','zPThG1dss@gmail.com'),(14,'Jewels','NvTfxKtEtDqw','注册用户','GbYVN1BfE@mails.jlu.edu.cn'),(15,'Spike','LMeEfPbdiiR0','注册用户','tT3ZtM@163.com'),(16,'Manu','sqsQ2Ed8U0CK','注册用户','XfynEM@163.com'),(17,'Travis','SOpye3Xw1M6y','注册用户','3w9m4UK@gmail.com'),(18,'Robyn','J6dEkXf3BYYt','注册用户','lWKkIDMcm@qq.com'),(19,'Lucas','8VZeKCEZ3bAQ','注册用户','hM7lXubiE@gmail.com'),(20,'Anna','KGEZO0tVfFRO','注册用户','7jiSd@gmail.com'),(21,'Mercer','WlssJFDf7DaP','注册用户','YZhTohhWb0@163.com'),(22,'Shaw','81JnBHsOqHQt','注册用户','4aX1WDUTdz@outlook.com'),(23,'Obi','XY0erYW0naRu','注册用户','KE4C0@qq.com'),(24,'Waru','NUAZsQmtSm95','注册用户','WFuqxlF@163.com'),(25,'Dal-Rae','2IewisqjJgbA','注册用户','Urdx4@mails.jlu.edu.cn'),(26,'Cha Cha','zIJRJRiYd2zs','注册用户','X7DZSpS@mails.jlu.edu.cn'),(27,'Harlow','5LCpPbxzIgNH','注册用户','GwJLMwTQKt@mails.jlu.edu.cn'),(28,'Justicia','RqSi9mBZNXZm','注册用户','pRtIZgNv@qq.com'),(29,'Yaz','kQOddt1zKCyY','注册用户','YnxZk@163.com'),(30,'Ross','gA7mJTIzEngn','注册用户','zjLneCFsGM@gmail.com'),(31,'Boost','Q7iS35DgB2XB','注册用户','w2cZoyW7@qq.com'),(32,'Chilton','kl2Zhh1Sw1gG','注册用户','mRdCBE@qq.com'),(33,'Lyric','wyl2Bd70autz','注册用户','iimGr@163.com'),(34,'Rocky','vGzKH95Tilf0','注册用户','d8fxaP@mails.jlu.edu.cn'),(35,'Medusa','lm07GYwuz9TV','注册用户','WQRyUswSJx@mails.jlu.edu.cn'),(36,'Maddox','DIwlQbv1Ml1A','注册用户','FpGZ4qXdoU@qq.com'),(37,'Ozzy','f6JDvMAlEYGh','注册用户','4xUTof@qq.com'),(38,'Dante','mgBQp8TpdIg7','注册用户','5jyfYpugQ@mails.jlu.edu.cn'),(39,'Bridlet','68OEpGl49Swj','注册用户','n0N6IK6cJq@mails.jlu.edu.cn'),(40,'Icaro','xm4XNw0ikXmM','注册用户','OYjqqt85@gmail.com'),(41,'Sparky','m7p0fHGFAqi4','注册用户','0IbqOMGvVF@gmail.com'),(42,'Nikita','5e1GgyF3uEm3','注册用户','chOqmg6EW@outlook.com'),(43,'Bru','k6lIjkt6YALm','注册用户','YBO7meP8@gmail.com'),(44,'Monica','oirgrnjcuQNX','注册用户','3h792besN@outlook.com'),(45,'Jerry','ywmHbODNUREE','注册用户','PxF30TkdJx@mails.jlu.edu.cn'),(46,'Dani','exnBYerArcOt','注册用户','IOAZIy@163.com'),(47,'Ferro','wVGd9cZzT87b','注册用户','0PphsSrd@outlook.com'),(48,'Viggo','PVptW5kkREH3','注册用户','c1KXa@gmail.com'),(49,'Richie','7SGOBtZB3cRl','注册用户','gXRwmo@163.com'),(50,'Morohoshi','Qj6Ytp6mUQtW','注册用户','wbmCfhssp7@outlook.com'),(51,'Ken','bRLjMQ8tDlqJ','注册用户','nvXqf@mails.jlu.edu.cn'),(52,'Nakai','BvsVNdILTBrN','注册用户','dIJchOm1TR@163.com'),(53,'Manu','GT4WpNMH6mku','注册用户','c0IFg1AX0g@qq.com'),(54,'Gittin','xmCurm2oQGWM','注册用户','sm0vLNA5@gmail.com'),(55,'Aasbo','8nFtNWF5yq7k','注册用户','WtsTCn@mails.jlu.edu.cn'),(56,'Bryn','7ETcVugXOKFE','注册用户','YfWqVhy6@mails.jlu.edu.cn'),(57,'Rydell','A9HUBnhAEzkW','注册用户','dYNnGmNVsI@gmail.com'),(58,'Rudiger','Uc53lvV2UWha','注册用户','lQq1DiI@outlook.com'),(59,'Anechka','ROq0ykrfAiKr','注册用户','wPNSn6@qq.com'),(60,'Eleonore','HjFxjyYhnarZ','注册用户','RKCPtB@mails.jlu.edu.cn'),(61,'Maya','n9HHF88AeXHY','注册用户','69cLanU4zp@163.com'),(62,'Youmna','rXIw5C8kFkm2','注册用户','gVwzEV@163.com'),(63,'Chase','jKp4Httv8snP','注册用户','bQH7qb@qq.com'),(64,'Shinmizu','csgyYtkFtUdw','注册用户','yq8gyq5e96@163.com'),(65,'Stevenson','ij6G9cfefWuw','注册用户','klxT4@outlook.com'),(66,'Holden','iUjsmmS5DeFP','注册用户','9uE2Q@outlook.com'),(67,'Alec','kK8uJFT8nrmx','注册用户','4ZqY9O@gmail.com'),(68,'Sonny','A6AfQ6g6nMTx','注册用户','0QGOwDo@163.com'),(69,'Izzy','k105rsh5qtjg','注册用户','ENjzRLP@qq.com'),(70,'Big Lou','3XAyzuAxKbmx','注册用户','7XyY2Sekd@mails.jlu.edu.cn'),(71,'Baron','Pxqa9ieAN2xO','注册用户','h6C0m9Gk@outlook.com'),(72,'Jack','FHPwogznwCWg','注册用户','pfP6EHt@qq.com'),(73,'Sam','iHnszGFxbPa9','注册用户','0y0U1O1@163.com'),(74,'Tobey','n6f7DF1dKx4U','注册用户','hq55S@mails.jlu.edu.cn'),(75,'Dino','lyFVg7cd5QS9','注册用户','aDtnTPtLk@gmail.com'),(76,'Anita','BgeNZnYuZmTV','注册用户','XVYH4WDf1A@outlook.com'),(77,'Julia','oDyp2H2riHGt','注册用户','wDZHs@qq.com'),(78,'Benny','q7n2LK0pLRhI','注册用户','rQ3nHv22@gmail.com'),(79,'Bit','6IT3zAIML8ag','注册用户','uU5mWApr@qq.com'),(80,'Fujiwara','mZZ4S5kHbUtH','注册用户','usjQnb@gmail.com'),(81,'Rachel','MufugucUQntd','注册用户','7ghJj9AKHN@gmail.com'),(82,'Ryan','1GcX1ATKgvyC','注册用户','SPRajyfZ@qq.com'),(83,'Samantha','SUxy6YcA9Oov','注册用户','8pQ3pvQ12k@gmail.com'),(84,'Meenisha','zGu3zlyiHsly','注册用户','URu1TE@gmail.com'),(85,'Eddie','QywVdUzYiDm0','注册用户','nhXTfP3b@163.com'),(86,'TJ','z3lCOafYNmVE','注册用户','HmU0zW@163.com'),(87,'Chad','A7V9Ip6CC00E','注册用户','Q63Ry07@mails.jlu.edu.cn'),(88,'Kurt','W83r8GVuTmMS','注册用户','AI8v6q@qq.com'),(89,'Todd','oDmfXZo22QCW','注册用户','gKOoJekmv@163.com'),(90,'Ryo','j2WrGqX2BsM3','管理员','eu9GmeM@qq.com'),(91,'Ace','6tRsq4XcriLD','管理员','RHXJcZ57MZ@outlook.com'),(92,'Warrior','KtwNfHu2yVoZ','管理员','XuL5uQE@qq.com'),(93,'Jester','L2i4bJzcg77M','管理员','HpjU5szxu@mails.jlu.edu.cn'),(94,'Rocket','W8jYddNtmWIC','管理员','NGsFWEAlf@qq.com'),(95,'Pistol','LjBo3I3SHFJI','管理员','y7A2uUYkQ@gmail.com'),(96,'Sprog','nSjW6fONEoVu','管理员','hYjImqG6C@gmail.com'),(97,'Bullet','kG7DNUiYOEFj','管理员','7hpRX@qq.com'),(98,'Magician','oUOl9OuUuFei','管理员','RIK4BBa@qq.com'),(99,'Dragon','ZjqQjvNrAzxr','管理员','b46SeW@qq.com');
/*!40000 ALTER TABLE `users` ENABLE KEYS */;
UNLOCK TABLES;

--
-- Dumping routines for database 'teacher_management'
--
/*!40103 SET TIME_ZONE=@OLD_TIME_ZONE */;

/*!40101 SET SQL_MODE=@OLD_SQL_MODE */;
/*!40014 SET FOREIGN_KEY_CHECKS=@OLD_FOREIGN_KEY_CHECKS */;
/*!40014 SET UNIQUE_CHECKS=@OLD_UNIQUE_CHECKS */;
/*!40101 SET CHARACTER_SET_CLIENT=@OLD_CHARACTER_SET_CLIENT */;
/*!40101 SET CHARACTER_SET_RESULTS=@OLD_CHARACTER_SET_RESULTS */;
/*!40101 SET COLLATION_CONNECTION=@OLD_COLLATION_CONNECTION */;
/*!40111 SET SQL_NOTES=@OLD_SQL_NOTES */;

-- Dump completed on 2026-01-22  9:23:28
